sw_slcid,sw_slid,sw_bcid,sw_seg_pos,sw_seg_angle,sw_seg_quality,sw_local_pos,sw_local_slope,sw_chamber_id,sw_chamber_ieta,offline_pos,offline_angle
0,0,0,5640,5863,1,2926,574,0,0,705.368408,1.4292
0,0,0,8171,5828,1,2797,610,1,0,1021.557861,1.4287
0,0,0,11069,5798,1,3278,641,2,0,1383.746338,1.4262
0,0,0,5641,5863,1,2927,574,0,0,705.368408,1.4292
0,0,0,8171,5828,1,2797,610,1,0,1021.557861,1.4287
0,0,0,11069,5798,1,2798,641,2,0,1383.746338,1.4262
0,0,0,7345,5675,1,2345,767,0,0,918.387878,1.3873
0,0,0,10727,5625,1,2427,819,1,0,1340.726929,1.3852
0,0,0,14557,5593,1,2846,853,2,0,1819.572266,1.3816
0,0,0,7344,5675,1,2824,767,0,0,918.387878,1.3873
0,0,0,10723,5633,1,2907,811,1,0,1340.726929,1.3852
0,0,0,14557,5592,1,3326,854,2,0,1819.572266,1.3816
0,0,0,14020,5137,1,2945,1342,0,0,1752.750854,1.2304
0,0,0,19581,5218,1,1658,1252,1,0,2447.774658,1.2405
0,0,0,14019,5138,1,2944,1341,0,0,1752.750854,1.2304
0,0,0,19579,5218,1,2617,1252,1,0,2447.774658,1.2405
0,0,0,25169,5286,1,2820,1179,2,0,3146.273682,1.2510
0,0,0,25678,4135,1,3406,2575,0,0,3212.979980,0.9950
0,0,0,36537,4230,1,2446,2444,1,0,4567.376953,1.0016
0,0,0,47479,4325,1,2360,2317,2,0,5935.013184,1.0124
0,0,0,36207,3387,1,2600,3769,0,0,4526.309570,0.8300
0,0,0,52196,3425,1,2502,3698,1,0,6525.352051,0.8303
0,0,0,69168,3450,1,2385,3654,2,0,8646.811523,0.8324
0,0,0,36207,3387,1,2600,3769,0,0,4526.309570,0.8300
0,0,0,52196,3425,1,2501,3698,1,0,6525.352051,0.8303
0,0,0,69169,3450,1,1906,3654,2,0,8646.811523,0.8324
0,0,0,17829,4692,1,2487,1854,0,0,2228.751953,1.1477
0,0,0,25659,4737,1,2247,1801,1,0,3207.753906,1.1485
0,0,0,33866,4771,1,1888,1760,2,0,4233.610840,1.1516
0,0,0,17828,4693,1,2486,1853,0,0,2228.751953,1.1477
0,0,0,25658,4738,1,2246,1799,1,0,3207.753906,1.1485
0,0,0,33867,4770,1,2850,1761,2,0,4233.610840,1.1516
0,0,0,30173,3795,1,2586,3077,0,0,3772.069092,0.9195
0,0,0,43137,3864,1,2175,2970,1,0,5392.505371,0.9239
0,0,0,56641,3916,1,2557,2891,2,0,7080.583496,0.9303
0,0,0,30173,3795,1,2586,3077,0,0,3772.069092,0.9195
0,0,0,43139,3862,1,1696,2973,1,0,5392.505371,0.9239
0,0,0,41417,3165,1,2783,4201,0,0,5177.268555,0.7629
0,0,0,59288,3195,1,2516,4140,1,0,7411.413086,0.7667
0,0,0,78269,3219,1,2115,4091,2,0,9784.047852,0.7707
0,0,0,41418,3161,1,2297,4209,0,0,5177.268555,0.7629
0,0,0,59288,3195,1,1556,4139,1,0,7411.413086,0.7667
0,0,0,78299,3189,1,197,4151,2,0,9784.047852,0.7707
0,0,0,42644,3054,1,2656,4435,0,0,5330.793945,0.7483
0,0,0,61827,3009,1,2899,4534,1,0,7728.440918,0.7458
0,0,0,42644,3054,1,2176,4435,0,0,5330.793945,0.7483
0,0,0,61825,3010,1,2417,4532,1,0,7728.440918,0.7458
0,0,0,82915,2980,1,2281,4599,2,0,10364.966797,0.7419
0,0,0,12679,5129,1,2659,1350,0,0,1585.612427,1.2607
0,0,0,17268,5653,1,1312,790,1,0,2158.415771,1.2772
0,0,0,6634,5721,1,2400,720,0,0,829.358887,1.4048
0,0,0,9810,5676,1,3045,766,1,0,1226.472900,1.4007
0,0,0,13439,5649,1,2589,794,2,0,1679.680908,1.3958
0,0,0,5358,5895,1,2865,542,0,0,669.953552,1.4362
0,0,0,7746,5862,1,2941,575,1,0,968.486938,1.4360
0,0,0,10453,5840,1,3048,598,2,0,1306.869507,1.4341
0,0,0,11507,5222,1,2039,1248,0,0,1438.587891,1.2879
0,0,0,17069,5128,1,2789,1352,1,0,2134.041504,1.2803
0,0,0,23524,5055,1,2655,1433,2,0,2940.781250,1.2706
0,0,0,11508,5222,1,2619,1248,0,0,1438.587891,1.2879
0,0,0,17070,5128,1,3270,1352,1,0,2134.041504,1.2803
0,0,0,4949,6004,1,2613,431,0,0,618.826233,1.4464
0,0,0,6570,6119,1,1796,315,1,0,-9999.000000,2.3562
0,0,0,19963,4550,1,2780,2028,0,0,2495.766113,1.1037
0,0,0,28624,4461,1,2571,2141,1,0,-9999.000000,2.3562
0,0,0,37633,4611,1,2033,1953,2,0,4704.415039,1.1110
0,0,0,9601,5569,1,2929,878,0,0,1200.350098,1.3328
0,0,0,13296,5595,1,2731,850,1,0,1662.238770,1.3420
0,0,0,17148,5621,1,2291,823,2,0,2143.776855,1.3489
0,0,0,2510,6256,1,2455,178,1,0,314.081635,1.5268
0,0,0,3266,6282,1,2548,152,2,0,408.410797,1.5278
0,0,0,19881,4527,1,2593,2057,0,0,2485.612549,1.1054
0,0,0,28473,4611,1,2445,1953,1,0,3559.572021,1.1083
0,0,0,37277,4678,1,2359,1871,2,0,4659.801758,1.1148
0,0,0,19881,4527,1,2593,2057,0,0,2485.612549,1.1054
0,0,0,28475,4609,1,2447,1955,1,0,3559.572021,1.1083
0,0,0,37277,4679,1,698,1870,2,0,4659.801758,1.1148
0,0,0,24902,4107,1,2304,2614,0,0,3113.092041,1.0093
0,0,0,36382,4005,1,2318,2760,1,0,4547.953125,1.0036
0,0,0,49486,3913,1,2468,2895,2,0,6185.488770,0.9936
0,0,0,22667,4363,1,2421,2267,0,0,2833.618408,1.0508
0,0,0,32046,4482,1,2423,2114,1,0,4005.941895,1.0594
0,0,0,41474,4589,1,2681,1980,2,0,5184.622559,1.0712
0,0,0,22667,4361,1,2420,2270,0,0,2833.618408,1.0508
0,0,0,32046,4481,1,1462,2115,1,0,4005.941895,1.0594
0,0,0,46098,2912,1,2596,4755,0,0,5763.302246,0.7095
0,0,0,66256,2959,1,2703,4647,1,0,8283.040039,0.7114
0,0,0,87516,2991,1,2377,4573,2,0,10939.844727,0.7151
0,0,0,46102,2910,1,2119,4760,0,0,5763.302246,0.7095
0,0,0,66257,2949,1,1724,4670,1,0,8283.040039,0.7114
0,0,0,87537,2971,1,175,4618,2,0,10939.844727,0.7151
0,0,0,3661,6240,1,2819,194,1,0,457.903931,1.5067
0,0,0,4377,6313,1,2877,121,2,0,547.222900,1.5133
0,0,0,30977,3715,1,2657,3203,0,0,3872.681396,0.9068
0,0,0,44555,3759,1,2168,3133,1,0,5570.410156,0.9082
0,0,0,58933,3784,1,1664,3094,2,0,7218.446289,0.9210
0,0,0,30977,3715,1,2657,3203,0,0,3872.681396,0.9068
0,0,0,44555,3759,1,2361,3133,1,0,5570.410156,0.9082
0,0,0,58930,3786,1,2141,3090,2,0,7218.446289,0.9210
0,0,0,22240,4131,1,2292,2580,0,0,2790.537598,1.0574
0,0,0,32156,4314,1,2438,2332,1,0,4019.599854,1.0580
0,0,0,43038,4281,1,3036,2375,2,0,5380.119141,1.0555
0,0,0,22240,4131,1,2292,2580,0,0,2790.537598,1.0574
0,0,0,32155,4314,1,2438,2331,1,0,4019.599854,1.0580
0,0,0,43040,4280,1,2557,2376,2,0,5380.119141,1.0555
0,0,0,25172,4123,1,2382,2591,0,0,3146.711670,1.0044
0,0,0,35991,4220,1,2302,2458,1,0,4499.095215,1.0085
0,0,0,47092,4281,1,2494,2375,2,0,5887.384766,1.0160
0,0,0,25173,4123,1,2383,2591,0,0,3146.711670,1.0044
0,0,0,35991,4220,1,1822,2457,1,0,4499.095215,1.0085
0,0,0,34275,3535,1,2780,3504,0,0,4284.577148,0.8572
0,0,0,48873,3650,1,2468,3310,1,0,6109.459473,0.8630
0,0,0,63775,3738,1,1188,3166,2,0,7972.208496,0.8726
0,0,0,34273,3538,1,2779,3499,0,0,4284.577148,0.8572
0,0,0,48873,3650,1,1987,3309,1,0,6109.459473,0.8630
0,0,0,17322,4792,1,3005,1735,0,0,2165.332764,1.1584
0,0,0,24565,4860,1,2597,1656,1,0,3070.969482,1.1646
0,0,0,32075,4904,1,2776,1605,2,0,4009.625000,1.1714
0,0,0,17325,4795,1,2532,1732,0,0,2165.332764,1.1584
0,0,0,24570,4868,1,1654,1647,1,0,3070.969482,1.1646
0,0,0,6194,5785,1,2532,654,0,0,774.470947,1.4156
0,0,0,8631,5957,1,2399,479,1,0,1078.911743,1.4208
0,0,0,10458,6106,1,1871,328,2,0,-9999.000000,2.3562
0,0,0,32689,3648,1,2634,3313,0,0,4086.119873,0.8806
0,0,0,46542,3743,1,1792,3158,1,0,5817.924805,0.8870
0,0,0,32687,3654,1,3119,3302,0,0,4086.119873,0.8806
0,0,0,46539,3738,1,2259,3166,1,0,5817.924805,0.8870
0,0,0,60951,3787,1,1860,3088,2,0,-9999.000000,2.3562
0,0,0,39225,3929,1,2133,2872,1,0,4903.897461,0.9689
0,0,0,52597,3903,1,2619,2911,2,0,6575.070312,0.9654
0,0,0,39228,3927,1,2616,2875,1,0,4903.897461,0.9689
0,0,0,52599,3905,1,3204,2907,2,0,6575.070312,0.9654
0,0,0,42527,3068,1,1966,4405,0,0,5316.372559,0.7496
0,0,0,61683,3005,1,2124,4542,1,0,7711.878418,0.7468
0,0,0,83013,2948,1,2408,4671,2,0,10376.784180,0.7413
0,0,0,42526,3074,1,2454,4392,0,0,5316.372559,0.7496
0,0,0,61693,3004,1,2623,4544,1,0,7711.878418,0.7468
0,0,0,82941,3062,1,4907,4417,2,0,10376.784180,0.7413
0,0,0,22977,4323,1,3002,2320,0,0,2871.744629,1.0450
0,0,0,32741,4401,1,2755,2217,1,0,4093.367676,1.0502
0,0,0,42775,4463,1,2733,2138,2,0,5347.145020,1.0581
0,0,0,22972,4306,1,2494,2342,0,0,2871.744629,1.0450
0,0,0,32816,4256,1,1763,2409,1,0,4093.367676,1.0502
0,0,0,28994,3866,1,2325,2966,0,0,3624.540039,0.9387
0,0,0,41566,3904,1,1975,2909,1,0,5196.149414,0.9416
0,0,0,54868,3932,1,955,2867,2,0,6858.678711,0.9455
0,0,0,28996,3863,1,2358,2971,0,0,3624.540039,0.9387
0,0,0,41570,3906,1,2466,2906,1,0,5196.149414,0.9416
0,0,0,54865,3933,1,2393,2865,2,0,6858.678711,0.9455
0,0,0,45826,2915,1,2537,4749,0,0,5728.552734,0.7125
0,0,0,65724,2999,1,2686,4556,1,0,8216.313477,0.7154
0,0,0,86419,3056,1,2238,4431,2,0,-9999.000000,2.3562
0,0,0,45821,2920,1,2536,4737,0,0,5728.552734,0.7125
0,0,0,65725,3000,1,1731,4553,1,0,8216.313477,0.7154
0,0,0,45372,2924,1,2126,4728,0,0,5672.095703,0.7174
0,0,0,65808,2888,1,2132,4813,1,0,8226.831055,0.7147
0,0,0,88221,2859,1,2256,4881,2,0,11028.532227,0.7111
0,0,0,45374,2921,1,2606,4734,0,0,5672.095703,0.7174
0,0,0,65806,2888,1,3571,4813,1,0,8226.831055,0.7147
0,0,0,37878,3352,1,3009,3833,0,0,4734.517090,0.8075
0,0,0,54131,3405,1,2012,3735,1,0,6766.548828,0.8122
0,0,0,71095,3461,1,2133,3634,2,0,8887.191406,0.8187
0,0,0,19786,4556,1,2431,2021,0,0,2473.590088,1.1073
0,0,0,28546,4511,1,2475,2077,1,0,3568.586426,1.1073
0,0,0,38231,4480,1,3074,2117,2,0,4779.110352,1.1047
0,0,0,19786,4556,1,2431,2021,0,0,2473.590088,1.1073
0,0,0,28546,4512,1,2475,2076,1,0,3568.586426,1.1073
0,0,0,38232,4479,1,2390,2118,2,0,4779.110352,1.1047
0,0,0,11040,5332,1,2734,1129,0,0,1380.256348,1.2988
0,0,0,15754,5383,1,2630,1074,1,0,1969.446533,1.3016
0,0,0,20590,5424,1,1491,1030,2,0,2573.880615,1.3062
0,0,0,11042,5325,1,2734,1136,0,0,1380.256348,1.2988
0,0,0,15754,5384,1,2151,1073,1,0,1969.446533,1.3016
0,0,0,20590,5424,1,2453,1030,2,0,2573.880615,1.3062
0,0,0,45598,3032,1,2762,4482,0,0,5699.948242,0.7150
0,0,0,33588,3547,1,2382,3483,0,0,4198.408691,0.8673
0,0,0,48661,3494,1,2756,3575,1,0,6082.976074,0.8651
0,0,0,65358,3452,1,2938,3650,2,0,8170.005859,0.8605
0,0,0,33584,3555,1,2384,3469,0,0,4198.408691,0.8673
0,0,0,48661,3494,1,2756,3575,1,0,6082.976074,0.8651
0,0,0,65358,3452,1,3899,3650,2,0,8170.005859,0.8605
0,0,0,6693,5628,1,2445,816,0,0,836.761353,1.4033
0,0,0,10574,5447,1,3868,1006,1,0,1322.064575,1.3877
0,0,0,8448,5572,1,2548,874,0,0,1056.257568,1.3605
0,0,0,12126,5604,1,2801,841,1,0,1515.965210,1.3616
0,0,0,15938,5631,1,2764,813,2,0,1992.707642,1.3640
0,0,0,8447,5572,1,2547,874,0,0,1056.257568,1.3605
0,0,0,12128,5597,1,2319,848,1,0,1515.965210,1.3616
0,0,0,15940,5631,1,1805,813,2,0,1992.707642,1.3640
0,0,0,20943,4433,1,2405,2176,0,0,2618.008789,1.0842
0,0,0,39715,4524,1,2452,2061,2,0,4964.894043,1.0892
0,0,0,29615,3745,1,2137,3155,0,0,3701.991211,0.9286
0,0,0,42992,3783,1,2729,3095,1,0,5373.903809,0.9255
0,0,0,57094,3824,1,2851,3031,2,0,7137.336426,0.9265
0,0,0,29615,3745,1,2013,3155,0,0,3701.991211,0.9286
0,0,0,42987,3787,1,2727,3088,1,0,5373.903809,0.9255
0,0,0,57101,3829,1,2391,3024,2,0,7137.336426,0.9265
0,0,0,46555,2891,1,2511,4805,0,0,5820.234375,0.7047
0,0,0,67469,2827,1,2913,4960,1,0,-9999.000000,2.3562
0,0,0,46555,2891,1,2511,4805,0,0,5820.234375,0.7047
0,0,0,67475,2824,1,2439,4966,1,0,-9999.000000,2.3562
0,0,0,90691,2778,1,2201,5083,2,0,-9999.000000,2.3562
0,0,0,12669,5174,1,2676,1301,0,0,1583.696899,1.2611
0,0,0,18300,5143,1,2382,1335,1,0,2287.724365,1.2607
0,0,0,24542,5116,1,2833,1365,2,0,3067.959229,1.2584
0,0,0,12669,5174,1,2677,1301,0,0,1583.696899,1.2611
0,0,0,18299,5143,1,2381,1335,1,0,2287.724365,1.2607
0,0,0,24542,5116,1,2833,1365,2,0,3067.959229,1.2584
0,0,0,25470,4076,1,2446,2658,0,0,-9999.000000,2.3562
0,0,0,37074,4028,1,2292,2727,1,0,4634.696777,0.9950
0,0,0,49777,3998,1,2686,2770,2,0,6222.207031,0.9909
0,0,0,9252,5577,1,3680,869,0,0,1510.532715,1.2746
0,0,0,12332,6022,1,3633,413,0,0,1510.532715,1.2746
0,0,0,17635,5140,1,2973,1338,1,0,2204.615234,1.2713
0,0,0,23932,5098,1,2555,1385,2,0,-9999.000000,2.3562
0,0,0,23551,4209,1,2111,2473,0,0,2944.092285,1.0341
0,0,0,34206,4186,1,2532,2504,1,0,4276.072754,1.0311
0,0,0,45857,4161,1,2753,2539,2,0,5732.338867,1.0279
0,0,0,23551,4209,1,2592,2473,0,0,2944.092285,1.0341
0,0,0,34148,4293,1,3034,2359,1,0,4276.072754,1.0311
0,0,0,45900,4083,1,3698,2647,2,0,5732.338867,1.0279
0,0,0,31422,3660,1,2519,3293,0,0,3928.148682,0.8999
0,0,0,45695,3606,1,2771,3382,1,0,5712.185547,0.8960
0,0,0,61474,3567,1,2569,3448,2,0,7684.762207,0.8906
0,0,0,31082,3631,1,2284,3340,0,0,3885.454834,0.9052
0,0,0,45740,3527,1,4176,3518,1,0,5717.894043,0.8955
0,0,0,4975,5934,1,3092,502,0,0,622.052917,1.4458
0,0,0,7241,5882,1,2911,555,1,0,905.326294,1.4447
0,0,0,9901,5846,1,3872,592,2,0,1237.703735,1.4412
0,0,0,4975,5934,1,2611,502,0,0,622.052917,1.4458
0,0,0,7240,5882,1,2910,555,1,0,905.326294,1.4447
0,0,0,9899,5847,1,2427,591,2,0,1237.703735,1.4412
0,0,0,21124,4428,1,2282,2183,0,0,2640.874023,1.0806
0,0,0,30337,4480,1,2110,2117,1,0,3792.375977,1.0825
0,0,0,39948,4526,1,2439,2059,2,0,4993.670410,1.0868
0,0,0,21124,4428,1,2282,2183,0,0,2640.874023,1.0806
0,0,0,30337,4480,1,2014,2116,1,0,3792.375977,1.0825
0,0,0,39946,4528,1,1476,2056,2,0,4993.670410,1.0868
0,0,0,21519,4622,1,2774,1940,0,0,2679.637207,1.0745
0,0,0,31499,4212,1,3398,2469,1,0,3943.052734,1.0662
0,0,0,5724,5824,1,2582,614,0,0,715.715881,1.4272
0,0,0,8252,5870,1,2519,567,1,0,1031.718262,1.4273
0,0,0,10772,5911,1,2313,525,2,0,1346.709961,1.4300
0,0,0,5724,5824,1,2582,614,0,0,715.715881,1.4272
0,0,0,8252,5870,1,2519,567,1,0,1031.718262,1.4273
0,0,0,10771,5908,1,2309,528,2,0,1346.709961,1.4300
0,0,0,30113,3796,1,2469,3074,0,0,3764.267822,0.9205
0,0,0,43163,3832,1,2182,3018,1,0,5395.905762,0.9236
0,0,0,56993,3858,1,2217,2979,2,0,7124.367676,0.9273
0,0,0,35089,4791,1,2857,1737,0,0,4455.479004,0.8378
0,0,0,51821,3361,1,2601,3817,1,0,6477.806641,0.8339
0,0,0,69598,3321,1,2540,3892,2,0,8700.666016,0.8293
0,0,0,7508,5741,1,2723,699,0,0,938.447510,1.3834
0,0,0,10403,5780,1,2411,659,1,0,1300.524414,1.3906
0,0,0,13368,5811,1,2123,627,2,0,1671.236816,1.3967
0,0,0,7506,5747,1,2724,693,0,0,938.447510,1.3834
0,0,0,10403,5780,1,1930,659,1,0,1300.524414,1.3906
0,0,0,13366,5818,1,683,620,2,0,1671.236816,1.3967
0,0,0,29774,3844,1,2533,3001,0,0,3721.683350,0.9260
0,0,0,42497,3874,1,2352,2955,1,0,5312.160156,0.9311
0,0,0,55996,3903,1,2210,2910,2,0,6999.752441,0.9358
0,0,0,29771,3841,1,2160,3005,0,0,3721.683350,0.9260
0,0,0,42497,3874,1,1391,2954,1,0,5312.160156,0.9311
0,0,0,22891,4252,1,2277,2414,0,0,2862.031738,1.0465
0,0,0,33346,4208,1,2762,2474,1,0,4168.736328,1.0423
0,0,0,44870,4180,1,2726,2512,2,0,5609.438965,1.0374
0,0,0,16206,4877,1,2770,1636,0,0,2026.242310,1.1822
0,0,0,31189,4805,1,3300,1720,2,0,3898.914551,1.1813
0,0,0,14985,4950,1,2793,1552,0,0,1873.406982,1.2089
0,0,0,21396,5050,1,2229,1439,1,0,2674.402344,1.2124
0,0,0,27788,5134,1,2616,1345,2,0,3473.829346,1.2202
0,0,0,14985,4950,1,2793,1552,0,0,1873.406982,1.2089
0,0,0,21394,5052,1,2229,1436,1,0,2674.402344,1.2124
0,0,0,27788,5135,1,696,1344,2,0,3473.829346,1.2202
0,0,0,4884,5912,1,2892,524,0,0,610.645264,1.4480
0,0,0,7012,5970,1,2538,465,1,0,876.771484,1.4486
0,0,0,9034,6020,1,2785,415,2,0,1129.627563,1.4524
0,0,0,36131,3407,1,2476,3731,0,0,4516.616699,0.8310
0,0,0,52413,3323,1,3238,3888,1,0,6551.869629,0.8283
0,0,0,36131,3411,1,2000,3724,0,0,4516.616699,0.8310
0,0,0,52410,3325,1,2274,3885,1,0,6551.869629,0.8283
0,0,0,70675,3277,1,4134,3977,2,0,8837.005859,0.8215
0,0,0,40591,3155,1,2556,4221,0,0,5074.735352,0.7729
0,0,0,58881,3102,1,2966,4331,1,0,7361.015137,0.7701
0,0,0,79029,3076,1,4798,4388,2,0,9875.818359,0.7660
0,0,0,40591,3155,1,2556,4221,0,0,5074.735352,0.7729
0,0,0,58886,3107,1,2503,4322,1,0,7361.015137,0.7701
0,0,0,79001,3076,1,2820,4388,2,0,9875.818359,0.7660
0,0,0,43707,3007,1,2782,4539,0,0,5464.229492,0.7360
0,0,0,63472,2935,1,3628,4702,1,0,7935.575684,0.7326
0,0,0,43708,3007,1,2303,4539,0,0,5464.229492,0.7360
0,0,0,63479,2940,1,2211,4691,1,0,7935.575684,0.7326
0,0,0,85452,2890,1,2353,4807,2,0,10682.132812,0.7269
0,0,0,36822,3335,1,2315,3866,0,0,4603.024414,0.8216
0,0,0,53906,3202,1,3598,4126,1,0,6738.917480,0.8142
0,0,0,36821,3336,1,1833,3863,0,0,4603.024414,0.8216
0,0,0,53908,3197,1,2632,4135,1,0,6738.917480,0.8142
0,0,0,73539,3092,1,3943,4353,2,0,9192.660156,0.8018
0,0,0,35195,3431,1,2078,3688,0,0,4399.670410,0.8441
0,0,0,51124,3395,1,2708,3754,1,0,6391.154785,0.8406
0,0,0,68596,3365,1,2536,3810,2,0,8574.666016,0.8365
0,0,0,4873,5876,1,2362,561,0,0,609.183594,1.4483
0,0,0,7520,5754,1,3347,686,1,0,-9999.000000,2.3562
0,0,0,49620,2768,1,2342,5109,0,0,6203.099121,0.6734
0,0,0,71056,2851,1,1972,4902,1,0,8882.424805,0.6770
0,0,0,93285,2914,1,2414,4751,2,0,11661.904297,0.6836
0,0,0,49620,2768,1,2342,5109,0,0,6203.099121,0.6734
0,0,0,71057,2850,1,1491,4904,1,0,8882.424805,0.6770
0,0,0,41366,3154,1,2664,4222,0,0,5171.015137,0.7635
0,0,0,59081,3240,1,2187,4050,1,0,7385.763672,0.7684
0,0,0,77433,3306,1,2527,3920,2,0,9679.583008,0.7760
0,0,0,41365,3154,1,2662,4222,0,0,5171.015137,0.7635
0,0,0,59086,3236,1,1709,4058,1,0,7385.763672,0.7684
0,0,0,6425,5715,1,2458,726,0,0,803.343994,1.4099
0,0,0,9637,5669,1,2693,773,1,0,1204.930420,1.4036
0,0,0,13294,5642,1,2291,802,2,0,1661.858276,1.3976
0,0,0,6424,5715,1,2457,726,0,0,803.343994,1.4099
0,0,0,9638,5669,1,3174,774,1,0,1204.930420,1.4036
0,0,0,13297,5639,1,4216,805,2,0,1661.858276,1.3976
0,0,0,1908,6370,1,2896,63,1,0,238.590714,1.5374
0,0,0,2063,6422,1,2026,11,2,0,258.046173,1.5436
0,0,0,43846,3024,1,2610,4500,0,0,5481.585449,0.7344
0,0,0,63547,2933,1,2815,4706,1,0,7944.021484,0.7321
0,0,0,10307,5415,1,2778,1040,0,0,1288.651367,1.3161
0,0,0,14674,5455,1,2464,998,1,0,1834.641235,1.3193
0,0,0,19205,5474,1,2415,977,2,0,2401.178711,1.3232
0,0,0,10306,5422,1,2780,1033,0,0,1288.651367,1.3161
0,0,0,14674,5455,1,2464,998,1,0,1834.641235,1.3193
0,0,0,19208,5483,1,1468,968,2,0,2401.178711,1.3232
0,0,0,44410,2950,1,2170,4666,0,0,5551.822754,0.7281
0,0,0,18145,4671,1,2619,1880,0,0,2268.202393,1.1410
0,0,0,26333,4614,1,2493,1950,1,0,3291.744629,1.1388
0,0,0,35488,4562,1,2491,2014,2,0,4436.237793,1.1339
0,0,0,18058,3482,1,190,3596,0,0,2315.871338,1.1331
0,0,0,20676,4476,1,2694,2122,0,0,2584.728760,1.0895
0,0,0,29941,4402,1,2732,2216,1,0,3742.848389,1.0879
0,0,0,40372,4341,1,2584,2296,2,0,5046.858398,1.0825
0,0,0,20677,4475,1,2694,2123,0,0,2584.728760,1.0895
0,0,0,29942,4404,1,2735,2214,1,0,3742.848389,1.0879
0,0,0,40374,4339,1,4027,2298,2,0,5046.858398,1.0825
0,0,0,16916,4743,1,2630,1793,0,0,2114.638428,1.1670
0,0,0,24513,4771,1,2876,1760,1,0,3064.467285,1.1653
0,0,0,32545,4798,1,2640,1728,2,0,4068.529785,1.1662
0,0,0,16916,4743,1,2630,1793,0,0,2114.638428,1.1670
0,0,0,24514,4771,1,2878,1760,1,0,3064.467285,1.1653
0,0,0,32545,4798,1,3120,1728,2,0,4068.529785,1.1662
0,0,0,12341,5258,1,3051,1209,0,0,1542.486084,1.2687
0,0,0,17481,5282,1,2809,1183,1,0,2185.438965,1.2737
0,0,0,22887,5304,1,2601,1159,2,0,2861.143555,1.2783
0,0,0,10584,5444,1,2875,1009,0,0,1542.486084,1.2687
0,0,0,39502,3218,1,2399,4092,0,0,4938.015137,0.7865
0,0,0,56687,3299,1,2314,3934,1,0,7086.556641,0.7891
0,0,0,74571,3356,1,2177,3826,2,0,9321.863281,0.7949
0,0,0,39502,3218,1,2399,4092,0,0,4938.015137,0.7865
0,0,0,56686,3300,1,1833,3933,1,0,7086.556641,0.7891
0,0,0,14772,4946,1,2845,1557,0,0,1846.875488,1.2136
0,0,0,21363,4979,1,3049,1519,1,0,2670.477783,1.2128
0,0,0,28273,5010,1,2495,1484,2,0,3534.267822,1.2146
0,0,0,14772,4946,1,2365,1557,0,0,1846.875488,1.2136
0,0,0,21363,4979,1,2569,1519,1,0,2670.477783,1.2128
0,0,0,28273,5011,1,2495,1483,2,0,3534.267822,1.2146
0,0,0,36915,3309,1,1982,3915,0,0,4614.525879,0.8204
0,0,0,70777,3411,1,1892,3725,2,0,-9999.000000,2.3562
0,0,0,36915,3309,1,1982,3915,0,0,4614.525879,0.8204
0,0,0,70777,3411,1,1892,3725,2,0,-9999.000000,2.3562
0,0,0,2075,6352,1,2359,81,1,0,260.046082,1.5344
0,0,0,2348,6387,1,2255,46,2,0,293.899811,1.5399
0,0,0,42741,3043,1,2353,4459,0,0,5343.095703,0.7471
0,0,0,62195,2958,1,3528,4648,1,0,7774.371094,0.7428
0,0,0,42741,3043,1,2353,4459,0,0,5343.095703,0.7471
0,0,0,62195,2958,1,3528,4648,1,0,7774.371094,0.7428
0,0,0,43171,3135,1,2398,4263,0,0,5396.561523,0.7422
0,0,0,5626,5848,1,2404,590,0,0,703.428589,1.4296
0,0,0,8446,5711,1,3234,730,1,0,1056.161499,1.4239
0,0,0,5626,5848,1,2404,590,0,0,703.428589,1.4296
0,0,0,8447,5704,1,2750,737,1,0,1056.161499,1.4239
0,0,0,12138,5592,1,2814,854,2,0,1517.487793,1.4124
0,0,0,33228,3587,1,2676,3414,0,0,4154.032227,0.8725
0,0,0,47258,3758,1,1324,3135,1,0,-9999.000000,2.3562
0,0,0,8624,5503,1,2845,947,0,0,1078.227051,1.3563
0,0,0,12925,5389,1,3706,1068,1,0,1615.956909,1.3482
0,0,0,23627,4231,1,2286,2443,0,0,2953.579346,1.0327
0,0,0,33990,4266,1,2202,2396,1,0,4249.160645,1.0339
0,0,0,44929,4232,1,2430,2441,2,0,5620.195312,1.0366
0,0,0,23627,4231,1,2286,2443,0,0,2953.579346,1.0327
0,0,0,33991,4264,1,2202,2398,1,0,4249.160645,1.0339
0,0,0,45004,4196,1,1573,2490,2,0,5620.195312,1.0366
0,0,0,10053,3909,1,1827,2902,0,0,1593.703125,1.2593
0,0,0,12748,5186,1,2364,1288,0,0,1593.703125,1.2593
0,0,0,18326,5149,1,2441,1328,1,0,2290.833984,1.2603
0,0,0,24541,5116,1,2832,1365,2,0,3067.894043,1.2584
0,0,0,38118,3283,1,2428,3966,0,0,4765.267090,0.8043
0,0,0,54739,3373,1,2393,3795,1,0,6842.807617,0.8066
0,0,0,71954,3420,1,419,3708,2,0,8993.395508,0.8128
0,0,0,38118,3283,1,2428,3966,0,0,4765.267090,0.8043
0,0,0,54741,3371,1,2394,3799,1,0,6842.807617,0.8066
0,0,0,71945,3437,1,2352,3677,2,0,8993.395508,0.8128
0,0,0,31397,3711,1,2532,3209,0,0,3925.192627,0.9003
0,0,0,44740,3822,1,2150,3034,1,0,-9999.000000,2.3562
0,0,0,58380,3916,1,1710,2891,2,0,-9999.000000,2.3562
0,0,0,31395,3714,1,2532,3205,0,0,3925.192627,0.9003
0,0,0,44744,3819,1,1191,3039,1,0,-9999.000000,2.3562
0,0,0,4826,5956,1,2809,480,0,0,603.307983,1.4495
0,0,0,7048,5869,1,2513,568,1,0,881.166992,1.4480
0,0,0,9840,5803,1,2748,636,2,0,-9999.000000,2.3562
0,0,0,17849,4701,1,2535,1844,0,0,2232.125000,1.1471
0,0,0,25543,4772,1,2534,1759,1,0,3192.587158,1.1503
0,0,0,33586,4801,1,2322,1725,2,0,4198.405762,1.1547
0,0,0,44964,2964,1,2340,4636,0,0,5620.958008,0.7219
0,0,0,64920,2863,1,2223,4872,1,0,8122.619141,0.7210
0,0,0,86932,2899,1,3411,4787,2,0,10866.838867,0.7184
0,0,0,44964,2964,1,2340,4636,0,0,5620.958008,0.7219
0,0,0,64980,2925,1,2481,4725,1,0,8122.619141,0.7210
0,0,0,86924,2904,1,2444,4775,2,0,10866.838867,0.7184
0,0,0,38938,3954,1,2555,2835,1,0,4867.745605,0.9724
0,0,0,52158,3921,1,2423,2884,2,0,6520.375488,0.9693
0,0,0,36097,3371,1,2357,3799,0,0,4512.414062,0.8315
0,0,0,2013,6228,1,2122,206,1,0,251.711227,1.5356
0,0,0,3025,6203,1,2954,231,2,0,378.260559,1.5310
0,0,0,27317,3913,1,2597,2895,0,0,3412.841553,0.9671
0,0,0,39505,3960,1,2257,2825,1,0,4938.442383,0.9656
0,0,0,52452,3984,1,2443,2790,2,0,6556.658691,0.9667
0,0,0,27317,3913,1,2597,2895,0,0,3412.841553,0.9671
0,0,0,39505,3960,1,2737,2825,1,0,4938.442383,0.9656
0,0,0,52454,3981,1,2923,2794,2,0,6556.658691,0.9667
0,0,0,16446,4791,1,2692,1737,0,0,2056.128906,1.1770
0,0,0,23821,4819,1,2506,1704,1,0,2977.802246,1.1756
0,0,0,31602,4843,1,2245,1675,2,0,3950.398193,1.1767
0,0,0,16446,4791,1,2692,1737,0,0,2056.128906,1.1770
0,0,0,23819,4820,1,2984,1702,1,0,2977.802246,1.1756
0,0,0,31601,4845,1,2725,1673,2,0,3950.398193,1.1767
0,0,0,32198,3703,1,2682,3223,0,0,4255.424805,0.8606
0,0,0,33775,3038,1,1050,4470,0,0,4255.424805,0.8606
0,0,0,49236,3485,1,2449,3591,1,0,6154.961914,0.8593
0,0,0,65990,3444,1,2747,3664,2,0,8249.047852,0.8558
0,0,0,11006,5363,1,2691,1096,0,0,1375.864746,1.2996
0,0,0,15594,5408,1,2336,1047,1,0,1949.472778,1.3042
0,0,0,20311,5450,1,2400,1003,2,0,2539.120605,1.3096
0,0,0,11005,5364,1,2691,1095,0,0,1375.864746,1.2996
0,0,0,15594,5408,1,2336,1047,1,0,1949.472778,1.3042
0,0,0,20312,5450,1,1441,1003,2,0,2539.120605,1.3096
0,0,0,17661,4685,1,2625,1863,0,0,2207.794922,1.1512
0,0,0,25569,4726,1,2535,1814,1,0,3195.950195,1.1499
0,0,0,33875,4750,1,2363,1785,2,0,4234.650879,1.1515
0,0,0,17661,4685,1,2625,1863,0,0,2207.794922,1.1512
0,0,0,25567,4725,1,2530,1815,1,0,3195.950195,1.1499
0,0,0,33873,4753,1,2361,1782,2,0,4234.650879,1.1515
0,0,0,15635,4948,1,2650,1554,0,0,1954.634521,1.1946
0,0,0,22645,4800,1,2536,1726,1,0,2831.199951,1.1932
0,0,0,30955,4692,1,2705,1854,2,0,3869.826660,1.1840
0,0,0,15634,4948,1,2649,1554,0,0,1954.634521,1.1946
0,0,0,22645,4800,1,3017,1726,1,0,2831.199951,1.1932
0,0,0,30926,4632,1,4501,1927,2,0,3869.826660,1.1840
0,0,0,13271,5158,1,2907,1318,0,0,1659.049683,1.2473
0,0,0,18643,5275,1,2245,1190,1,0,-9999.000000,2.3562
0,0,0,23862,5365,1,768,1093,2,0,2982.912109,1.2666
0,0,0,29797,3850,1,2548,2991,0,0,3724.807861,0.9256
0,0,0,42508,3878,1,2379,2949,1,0,5313.874023,0.9309
0,0,0,56026,3900,1,2265,2915,2,0,7003.653809,0.9355
0,0,0,29801,3859,1,2225,2978,0,0,3724.807861,0.9256
0,0,0,42509,3876,1,1418,2951,1,0,5313.874023,0.9309
0,0,0,32975,3641,1,2717,3325,0,0,4122.030273,0.8763
0,0,0,47137,3667,1,1906,3282,1,0,5892.706543,0.8807
0,0,0,32976,3640,1,2719,3326,0,0,4122.030273,0.8763
0,0,0,47136,3667,1,2385,3281,1,0,5892.706543,0.8807
0,0,0,62192,3690,1,2275,3243,2,0,7774.447754,0.8850
0,0,0,3418,6071,1,2457,363,0,0,427.463867,1.4846
0,0,0,5041,6039,1,2987,396,1,0,630.354980,1.4827
0,0,0,6949,6009,1,3411,426,2,0,868.921509,1.4796
0,0,0,3418,6071,1,2344,363,0,0,427.463867,1.4846
0,0,0,5041,6038,1,2504,397,1,0,630.354980,1.4827
0,0,0,6949,6009,1,2930,426,2,0,868.921509,1.4796
0,0,0,48777,2815,1,2668,4990,0,0,6098.130859,0.6817
0,0,0,69706,2905,1,1798,4771,1,0,8713.874023,0.6864
0,0,0,48777,2815,1,2668,4990,0,0,6098.130859,0.6817
0,0,0,69709,2903,1,2280,4777,1,0,8713.874023,0.6864
0,0,0,91345,2971,1,2021,4620,2,0,11418.818359,0.6939
0,0,0,14926,4880,1,2615,1632,0,0,1865.554688,1.2103
0,0,0,22067,4826,1,3330,1696,1,0,2758.526611,1.2021
0,0,0,14924,4878,1,2129,1635,0,0,1865.554688,1.2103
0,0,0,22064,4827,1,2846,1694,1,0,2758.526611,1.2021
0,0,0,30018,4785,1,2857,1744,2,0,3752.411377,1.1946
0,0,0,9979,5385,1,2578,1072,0,0,1247.668823,1.3238
0,0,0,14639,5351,1,2771,1108,1,0,1830.136475,1.3198
0,0,0,19836,5322,1,3524,1140,2,0,2479.733154,1.3155
0,0,0,9976,5396,1,2581,1060,0,0,1247.668823,1.3238
0,0,0,14639,5351,1,2772,1108,1,0,1830.136475,1.3198
0,0,0,19837,5321,1,2563,1141,2,0,2479.733154,1.3155
0,0,0,42161,3087,1,2226,4364,0,0,5270.959473,0.7539
0,0,0,61040,3049,1,2370,4446,1,0,7630.300781,0.7521
0,0,0,81773,3016,1,2475,4518,2,0,10222.111328,0.7488
0,0,0,42165,3084,1,2228,4370,0,0,5270.959473,0.7539
0,0,0,61039,3046,1,2842,4453,1,0,7630.300781,0.7521
0,0,0,81770,3017,1,3914,4516,2,0,10222.111328,0.7488
0,0,0,16899,4783,1,2151,1746,0,0,2112.643799,1.1673
0,0,0,24605,4693,1,2492,1853,1,0,3076.101807,1.1639
0,0,0,33405,4618,1,4157,1945,2,0,4176.000977,1.1566
0,0,0,16899,4784,1,2151,1745,0,0,2112.643799,1.1673
0,0,0,24606,4692,1,2493,1854,1,0,3076.101807,1.1639
0,0,0,33406,4618,1,2235,1945,2,0,4176.000977,1.1566
0,0,0,2789,6334,1,2605,100,1,0,348.694153,1.5220
0,0,0,3180,6366,1,2456,67,2,0,397.643433,1.5290
0,0,0,45307,2898,1,1949,4789,0,0,5663.556152,0.7182
0,0,0,66025,2853,1,2488,4896,1,0,8253.120117,0.7131
0,0,0,88825,2820,1,2413,4977,2,0,11103.333984,0.7077
0,0,0,45306,2895,1,1941,4796,0,0,5663.556152,0.7182
0,0,0,66023,2852,1,3444,4898,1,0,8253.120117,0.7131
0,0,0,3479,6199,1,2897,235,1,0,435.222260,1.5099
0,0,0,4676,6159,1,2851,275,2,0,584.690918,1.5093
0,0,0,25752,4034,1,2484,2718,0,0,-9999.000000,2.3562
0,0,0,37078,4050,1,2330,2695,1,0,4635.019531,0.9949
0,0,0,49654,4013,1,2461,2748,2,0,6207.223145,0.9920
0,0,0,46829,2877,1,2250,4838,0,0,5854.595703,0.7018
0,0,0,67891,2814,1,2765,4993,1,0,8487.429688,0.6993
0,0,0,91402,2723,1,4930,5225,2,0,-9999.000000,2.3562
0,0,0,46834,2873,1,2253,4847,0,0,5854.595703,0.7018
0,0,0,67893,2814,1,2289,4992,1,0,8487.429688,0.6993
0,0,0,91273,2770,1,1906,5102,2,0,-9999.000000,2.3562
0,0,0,20190,4589,1,2790,1980,0,0,2524.080078,1.0992
0,0,0,28099,4811,1,961,1713,1,0,3512.414307,1.1136
0,0,0,24359,4185,1,2262,2505,0,0,3045.216309,1.0192
0,0,0,34908,4223,1,2062,2454,1,0,4361.436035,1.0224
0,0,0,45795,4318,1,2349,2326,2,0,5724.877930,1.0285
0,0,0,24358,4186,1,2261,2504,0,0,3045.216309,1.0192
0,0,0,34908,4223,1,2062,2453,1,0,4361.436035,1.0224
0,0,0,45743,4425,1,933,2187,2,0,5724.877930,1.0285
0,0,0,39144,3274,1,2246,3983,0,0,4893.417480,0.7910
0,0,0,56070,3304,1,1569,3925,1,0,7008.952637,0.7946
0,0,0,74038,3333,1,2512,3869,2,0,9255.716797,0.7984
0,0,0,39145,3272,1,2318,3986,0,0,4893.417480,0.7910
0,0,0,56068,3305,1,2049,3922,1,0,7008.952637,0.7946
0,0,0,74044,3328,1,593,3878,2,0,9255.716797,0.7984
0,0,0,38513,3224,1,2171,4081,0,0,4814.684082,0.7992
0,0,0,56174,3181,1,2509,4168,1,0,7022.753906,0.7936
0,0,0,75628,3144,1,2457,4243,2,0,9453.951172,0.7878
0,0,0,38517,3221,1,2174,4087,0,0,4814.684082,0.7992
0,0,0,56180,3177,1,3475,4176,1,0,7022.753906,0.7936
0,0,0,28977,3853,1,2281,2986,0,0,3622.577637,0.9389
0,0,0,42299,3688,1,3123,3247,1,0,-9999.000000,2.3562
0,0,0,35657,3467,1,2570,3624,0,0,4457.323730,0.8376
0,0,0,51066,3494,1,2280,3575,1,0,6383.595703,0.8412
0,0,0,67463,3521,1,2458,3528,2,0,8432.798828,0.8448
0,0,0,35657,3468,1,2571,3621,0,0,4457.323730,0.8376
0,0,0,51068,3494,1,1801,3576,1,0,6383.595703,0.8412
0,0,0,67457,3509,1,504,3549,2,0,8432.798828,0.8448
0,0,0,47672,2853,1,2451,4895,0,0,5960.033203,0.6930
0,0,0,68928,2798,1,2398,5033,1,0,8616.006836,0.6919
0,0,0,92382,2764,1,2667,5117,2,0,11548.646484,0.6884
0,0,0,47672,2853,1,2452,4895,0,0,5960.033203,0.6930
0,0,0,68927,2798,1,2397,5033,1,0,8616.006836,0.6919
0,0,0,92379,2765,1,4105,5116,2,0,11548.646484,0.6884
0,0,0,2851,6122,1,2459,312,0,0,356.435028,1.4989
0,0,0,3718,6354,1,2080,79,1,0,465.025787,1.5057
0,0,0,31549,3713,1,2358,3206,0,0,3943.742676,0.8980
0,0,0,45573,3623,1,2552,3355,1,0,-9999.000000,2.3562
0,0,0,61248,3572,1,2604,3440,2,0,7656.330566,0.8925
0,0,0,31549,3713,1,2358,3206,0,0,3943.742676,0.8980
0,0,0,45571,3623,1,2549,3355,1,0,-9999.000000,2.3562
0,0,0,61246,3572,1,3562,3440,2,0,7656.330566,0.8925
0,0,0,24909,4091,1,2302,2637,0,0,3113.771729,1.0092
0,0,0,36292,4059,1,3173,2682,1,0,4537.235352,1.0046
0,0,0,48842,3958,1,4126,2828,2,0,6100.590820,0.9999
0,0,0,24907,4096,1,2302,2630,0,0,3113.771729,1.0092
0,0,0,36296,4058,1,2698,2684,1,0,4537.235352,1.0046
0,0,0,48803,4028,1,2702,2727,2,0,6100.590820,0.9999
0,0,0,33163,3573,1,2527,3439,0,0,4145.701172,0.8735
0,0,0,47726,3615,1,2523,3367,1,0,5966.126465,0.8747
0,0,0,63130,3646,1,2160,3316,2,0,7891.624023,0.8776
0,0,0,33163,3573,1,2527,3439,0,0,4145.701172,0.8735
0,0,0,47725,3617,1,2522,3365,1,0,5966.126465,0.8747
0,0,0,63130,3646,1,1680,3316,2,0,7891.624023,0.8776
0,0,0,9042,5519,1,2733,930,0,0,1130.655151,1.3462
0,0,0,12934,5549,1,2442,898,1,0,1616.650513,1.3481
0,0,0,16961,5585,1,1880,861,2,0,2120.236328,1.3512
0,0,0,9045,5507,1,2730,943,0,0,1130.655151,1.3462
0,0,0,12935,5549,1,2443,899,1,0,1616.650513,1.3481
0,0,0,16961,5584,1,2360,862,2,0,2120.236328,1.3512
0,0,0,33204,3587,1,2628,3414,0,0,4150.796875,0.8729
0,0,0,47682,3630,1,2457,3343,1,0,5960.291504,0.8751
0,0,0,62972,3659,1,2344,3295,2,0,7872.089844,0.8788
0,0,0,33202,3590,1,2626,3410,0,0,4150.796875,0.8729
0,0,0,47675,3623,1,2432,3355,1,0,5960.291504,0.8751
0,0,0,62978,3662,1,1400,3289,2,0,7872.089844,0.8788
0,0,0,24586,4148,1,2197,2557,0,0,3073.469238,1.0151
0,0,0,35449,4177,1,2123,2516,1,0,4431.812012,1.0152
0,0,0,46987,4201,1,2661,2484,2,0,5874.145508,1.0170
0,0,0,24586,4148,1,2677,2557,0,0,3073.469238,1.0151
0,0,0,35449,4177,1,2603,2517,1,0,4431.812012,1.0152
0,0,0,46988,4201,1,2183,2484,2,0,5874.145508,1.0170
0,0,0,41259,3096,1,2359,4344,0,0,5157.715332,0.7647
0,0,0,30418,3728,1,2516,3183,0,0,3802.595703,0.9156
0,0,0,44214,3679,1,3095,3262,1,0,5527.072754,0.9120
0,0,0,59413,3644,1,4335,3319,2,0,7426.963379,0.9073
0,0,0,30417,3728,1,2034,3182,0,0,3802.595703,0.9156
0,0,0,44214,3679,1,2133,3262,1,0,5527.072754,0.9120
0,0,0,59412,3645,1,2891,3318,2,0,7426.963379,0.9073
0,0,0,31674,3642,1,2519,3323,0,0,3960.105225,0.8959
0,0,0,45350,3811,1,1911,3052,1,0,-9999.000000,2.3562
0,0,0,28784,3881,1,2258,2944,0,0,3598.204834,0.9421
0,0,0,41403,3625,1,1715,3350,1,0,5191.977539,0.9420
0,0,0,55588,3795,1,2679,3076,2,0,6948.812500,0.9393
0,0,0,28783,3881,1,2235,2944,0,0,3598.204834,0.9421
0,0,0,41534,3832,1,2289,3018,1,0,5191.977539,0.9420
0,0,0,55586,3796,1,3157,3074,2,0,6948.812500,0.9393
0,0,0,21735,4345,1,2461,2291,0,0,2717.221680,1.0687
0,0,0,31463,4375,1,2570,2251,1,0,3933.076416,1.0672
0,0,0,41761,4401,1,2553,2217,2,0,5220.625977,1.0683
0,0,0,21735,4345,1,2461,2291,0,0,2717.221680,1.0687
0,0,0,31460,4377,1,2567,2249,1,0,3933.076416,1.0672
0,0,0,41761,4402,1,2553,2216,2,0,5220.625977,1.0683
0,0,0,11734,4887,1,5672,-1624,0,0,1444.169067,1.2869
0,0,0,19701,5682,1,3611,760,2,0,-9999.000000,2.3562
0,0,0,29385,3753,1,2012,3142,0,0,3673.438477,0.9323
0,0,0,29385,3753,1,2012,3142,0,0,3673.438477,0.9323
0,0,0,11961,5212,1,2733,1259,0,0,1495.096802,1.2774
0,0,0,17262,5247,1,2816,1221,1,0,2157.947510,1.2773
0,0,0,22820,5271,1,2433,1195,2,0,2852.689453,1.2791
0,0,0,11961,5212,1,2733,1259,0,0,1495.096802,1.2774
0,0,0,17264,5247,1,2821,1221,1,0,2157.947510,1.2773
0,0,0,22820,5271,1,2433,1195,2,0,2852.689453,1.2791
0,0,0,5893,5826,1,2441,612,0,0,736.889771,1.4230
0,0,0,8573,5800,1,2613,639,1,0,1071.847412,1.4218
0,0,0,11593,5768,1,2857,671,2,0,1449.113037,1.4194
0,0,0,5893,5826,1,2441,612,0,0,736.889771,1.4230
0,0,0,8573,5800,1,2613,639,1,0,1071.847412,1.4218
0,0,0,11594,5768,1,2858,671,2,0,1449.113037,1.4194
0,0,0,38034,3323,1,2800,3888,0,0,4754.859863,0.8054
0,0,0,54875,3274,1,2489,3982,1,0,6859.341797,0.8054
0,0,0,73442,3236,1,3546,4058,2,0,9180.278320,0.8025
0,0,0,38034,3323,1,2800,3888,0,0,4754.859863,0.8054
0,0,0,54869,3276,1,2481,3978,1,0,6859.341797,0.8054
0,0,0,73435,3240,1,2579,4050,2,0,9180.278320,0.8025
0,0,0,6821,5760,1,2804,680,0,0,852.926270,1.4001
0,0,0,9666,5792,1,2390,647,1,0,1208.484497,1.4031
0,0,0,12592,5816,1,1537,622,2,0,1574.255615,1.4066
0,0,0,6821,5760,1,2804,680,0,0,852.926270,1.4001
0,0,0,9665,5792,1,2867,647,1,0,1208.484497,1.4031
0,0,0,12593,5815,1,2498,623,2,0,1574.255615,1.4066
0,0,0,7473,5681,1,2605,761,0,0,934.339844,1.3842
0,0,0,10578,5751,1,2731,689,1,0,1322.417603,1.3876
0,0,0,13570,5818,1,1573,620,2,0,1696.463379,1.3941
0,0,0,7472,5682,1,2605,760,0,0,934.339844,1.3842
0,0,0,10577,5751,1,2250,689,1,0,1322.417603,1.3876
0,0,0,13570,5818,1,2534,620,2,0,1696.463379,1.3941
0,0,0,11323,5289,1,2305,1175,0,0,1415.476074,1.2922
0,0,0,16399,5262,1,2838,1204,1,0,2050.160156,1.2911
0,0,0,22017,5238,1,2234,1231,2,0,2752.258057,1.2888
0,0,0,11322,5293,1,2787,1171,0,0,1415.476074,1.2922
0,0,0,16399,5263,1,2838,1203,1,0,2050.160156,1.2911
0,0,0,22016,5239,1,3195,1230,2,0,2752.258057,1.2888
0,0,0,8669,5515,1,2946,934,0,0,1083.854370,1.3552
0,0,0,12859,5421,1,3606,1034,1,0,1607.617188,1.3493
0,0,0,8669,5516,1,2465,933,0,0,1083.854370,1.3552
0,0,0,12858,5422,1,2643,1033,1,0,1607.617188,1.3493
0,0,0,17833,5345,1,3385,1115,2,0,2229.333008,1.3403
0,0,0,49075,2768,1,2213,5109,0,0,6135.252930,0.6788
0,0,0,71204,2754,1,3003,5143,1,0,8904.772461,0.6758
0,0,0,23899,4163,1,2279,2536,0,0,2987.554199,1.0277
0,0,0,34015,4514,1,2075,2073,1,0,4260.050293,1.0328
0,0,0,31337,3804,1,3003,3062,0,0,3917.307129,0.9012
0,0,0,45224,3562,1,2720,3457,1,0,-9999.000000,2.3562
0,0,0,31337,3804,1,3003,3062,0,0,3917.307129,0.9012
0,0,0,45225,3562,1,2240,3458,1,0,-9999.000000,2.3562
0,0,0,13904,5051,1,2640,1437,0,0,1737.744873,1.2331
0,0,0,20279,4965,1,2790,1535,1,0,2535.116699,1.2296
0,0,0,27537,4907,1,4277,1601,2,0,3442.570801,1.2231
0,0,0,13904,5051,1,2640,1437,0,0,1737.744873,1.2331
0,0,0,20277,4967,1,2788,1532,1,0,2535.116699,1.2296
0,0,0,27535,4909,1,2834,1599,2,0,3442.570801,1.2231
0,0,0,16766,4843,1,2419,1675,0,0,2096.548828,1.1701
0,0,0,24096,4786,1,2540,1742,1,0,3012.323730,1.1715
0,0,0,32264,4743,1,2498,1793,2,0,4033.155029,1.1693
0,0,0,16766,4843,1,2419,1675,0,0,2096.548828,1.1701
0,0,0,24096,4786,1,2540,1742,1,0,3012.323730,1.1715
0,0,0,32264,4743,1,2498,1793,2,0,4033.155029,1.1693
0,0,0,34279,3522,1,2290,3527,0,0,4285.040527,0.8572
0,0,0,49460,3495,1,2434,3573,1,0,6182.929199,0.8570
0,0,0,66046,3475,1,2430,3609,2,0,8256.499023,0.8553
0,0,0,34279,3522,1,2290,3527,0,0,4285.040527,0.8572
0,0,0,49460,3495,1,2434,3573,1,0,6182.929199,0.8570
0,0,0,66045,3475,1,2909,3609,2,0,8256.499023,0.8553
0,0,0,32516,3633,1,2751,3338,0,0,4064.955566,0.8832
0,0,0,47222,3513,1,3272,3542,1,0,-9999.000000,2.3562
0,0,0,32516,3633,1,2271,3337,0,0,4064.955566,0.8832
0,0,0,47219,3515,1,2789,3538,1,0,-9999.000000,2.3562
0,0,0,63997,3417,1,3520,3714,2,0,8000.269531,0.8709
0,0,0,45069,2945,1,2518,4679,0,0,5633.891113,0.7208
0,0,0,66004,2758,1,3665,5134,1,0,8250.006836,0.7133
0,0,0,5999,5824,1,2171,614,0,0,750.092896,1.4204
0,0,0,8879,5722,1,2189,719,1,0,-9999.000000,2.3562
0,0,0,12592,5642,1,2328,802,2,0,-9999.000000,2.3562
0,0,0,6001,5824,1,2657,614,0,0,750.092896,1.4204
0,0,0,8926,5710,1,3232,731,1,0,-9999.000000,2.3562
0,0,0,1322,6305,1,2560,129,1,0,165.388657,1.5476
0,0,0,2077,6235,1,2303,199,2,0,259.331116,1.5435
0,0,0,45851,2879,1,2522,4834,0,0,5732.077637,0.7122
0,0,0,66691,2854,1,3342,4893,1,0,8337.362305,0.7081
0,0,0,45851,2880,1,2043,4832,0,0,5732.077637,0.7122
0,0,0,66692,2845,1,2362,4915,1,0,8337.362305,0.7081
0,0,0,89452,2830,1,2248,4953,2,0,11182.125977,0.7042
0,0,0,45425,2928,1,2239,4718,0,0,5678.714844,0.7168
0,0,0,65329,2994,1,2366,4568,1,0,8166.387207,0.7184
0,0,0,86160,3038,1,2164,4469,2,0,10770.834961,0.7228
0,0,0,45425,2928,1,2239,4718,0,0,5678.714844,0.7168
0,0,0,65330,2989,1,1878,4578,1,0,8166.387207,0.7184
0,0,0,86164,3036,1,245,4474,2,0,10770.834961,0.7228
0,0,0,29872,3805,1,2161,3060,0,0,3734.474121,0.9244
0,0,0,42665,4009,1,2396,2754,1,0,-9999.000000,2.3562
0,0,0,56392,3897,1,2512,2919,2,0,7049.409668,0.9324
0,0,0,9868,5469,1,2904,983,0,0,1233.838135,1.3265
0,0,0,14165,5432,1,2385,1022,1,0,1770.792236,1.3277
0,0,0,18944,5431,1,2331,1023,2,0,-9999.000000,2.3562
0,0,0,32399,3599,1,2474,3394,0,0,4050.712158,0.8849
0,0,0,47301,3500,1,3409,3565,1,0,5913.069824,0.8790
0,0,0,32400,3599,1,1995,3395,0,0,4050.712158,0.8849
0,0,0,47301,3501,1,2449,3564,1,0,5913.069824,0.8790
0,0,0,64104,3424,1,2304,3701,2,0,8012.983887,0.8701
0,0,0,25690,4135,1,2949,2575,0,0,3215.445312,0.9946
0,0,0,37072,4062,1,2335,2677,1,0,4634.143066,0.9950
0,0,0,49511,4040,1,2692,2709,2,0,6189.479980,0.9934
0,0,0,22995,4280,1,2513,2377,0,0,2873.684082,1.0447
0,0,0,33373,4227,1,2842,2448,1,0,4171.978027,1.0419
0,0,0,44768,4201,1,3510,2483,2,0,5596.249023,1.0384
0,0,0,22995,4280,1,2513,2377,0,0,2873.684082,1.0447
0,0,0,33374,4227,1,2843,2448,1,0,4171.978027,1.0419
0,0,0,44767,4202,1,2548,2482,2,0,5596.249023,1.0384
0,0,0,15689,4906,1,2722,1602,0,0,1961.016724,1.1935
0,0,0,21608,5275,1,965,1190,1,0,2700.508301,1.2092
0,0,0,42687,3070,1,2288,4401,0,0,5336.307617,0.7478
0,0,0,61755,3023,1,2785,4503,1,0,7719.996094,0.7463
0,0,0,82751,2987,1,3890,4582,2,0,10344.354492,0.7429
0,0,0,42687,3070,1,2288,4401,0,0,5336.307617,0.7478
0,0,0,61754,3024,1,2305,4501,1,0,7719.996094,0.7463
0,0,0,82750,2988,1,2448,4580,2,0,10344.354492,0.7429
0,0,0,7709,5687,1,2602,755,0,0,962.969421,1.3786
0,0,0,10965,5697,1,2493,745,1,0,1370.845703,1.3811
0,0,0,14335,5723,1,1569,718,2,0,-9999.000000,2.3562
0,0,0,7706,5680,1,2590,762,0,0,962.969421,1.3786
0,0,0,10965,5697,1,2493,745,1,0,1370.845703,1.3811
0,0,0,14335,5723,1,2530,718,2,0,-9999.000000,2.3562
0,0,0,29688,3780,1,2244,3099,0,0,3711.105469,0.9274
0,0,0,42751,3840,1,2331,3006,1,0,5344.110840,0.9282
0,0,0,56474,3876,1,2167,2951,2,0,7059.527832,0.9317
0,0,0,41807,3082,1,2470,4375,0,0,5226.566406,0.7581
0,0,0,60376,3120,1,2146,4294,1,0,7547.559570,0.7576
0,0,0,80062,3147,1,2201,4237,2,0,10007.834961,0.7594
0,0,0,41807,3078,1,2463,4383,0,0,5226.566406,0.7581
0,0,0,60373,3122,1,2624,4290,1,0,7547.559570,0.7576
0,0,0,80063,3147,1,2202,4238,2,0,10007.834961,0.7594
0,0,0,4611,5928,1,2359,508,0,0,576.661926,1.4548
0,0,0,6952,5862,1,2795,575,1,0,-9999.000000,2.3562
0,0,0,9797,5797,1,3136,642,2,0,-9999.000000,2.3562
0,0,0,4612,5928,1,2841,508,0,0,576.661926,1.4548
0,0,0,6951,5862,1,3275,575,1,0,-9999.000000,2.3562
0,0,0,9796,5798,1,4577,641,2,0,-9999.000000,2.3562
0,0,0,38695,3270,1,2602,3990,0,0,4837.201172,0.7968
0,0,0,55309,3381,1,2107,3779,1,0,6914.195801,0.8014
0,0,0,72391,3454,1,2312,3646,2,0,9049.048828,0.8097
0,0,0,35350,3422,1,2376,3705,0,0,4419.231934,0.8419
0,0,0,51502,3340,1,2887,3856,1,0,6439.259766,0.8369
0,0,0,69571,3285,1,2422,3962,2,0,-9999.000000,2.3562
0,0,0,35352,3418,1,2375,3711,0,0,4419.231934,0.8419
0,0,0,51510,3345,1,3393,3846,1,0,6439.259766,0.8369
0,0,0,27792,3809,1,1985,3055,0,0,3487.619873,0.9569
0,0,0,40308,3870,1,2294,2961,1,0,-9999.000000,2.3562
0,0,0,54245,3796,1,3359,3075,2,0,-9999.000000,2.3562
0,0,0,27837,4009,1,2303,2754,0,0,3487.619873,0.9569
0,0,0,40308,3870,1,2294,2961,1,0,-9999.000000,2.3562
0,0,0,54245,3797,1,3360,3073,2,0,-9999.000000,2.3562
0,0,0,17132,4761,1,2596,1772,0,0,2141.737061,1.1624
0,0,0,24609,4809,1,2149,1715,1,0,3076.340332,1.1639
0,0,0,32407,4843,1,1452,1675,2,0,4050.876465,1.1677
0,0,0,17131,4761,1,2595,1772,0,0,2141.737061,1.1624
0,0,0,24610,4808,1,2631,1716,1,0,3076.340332,1.1639
0,0,0,32407,4845,1,2415,1673,2,0,4050.876465,1.1677
0,0,0,16434,4852,1,2724,1665,0,0,2054.661377,1.1773
0,0,0,23641,4820,1,2628,1702,1,0,2955.316162,1.1783
0,0,0,31576,4794,1,2619,1733,2,0,3947.396973,1.1770
0,0,0,16436,4851,1,2726,1666,0,0,2054.661377,1.1773
0,0,0,23639,4822,1,2626,1700,1,0,2955.316162,1.1783
0,0,0,31576,4794,1,2620,1733,2,0,3947.396973,1.1770
0,0,0,13993,5072,1,2837,1414,0,0,1749.212158,1.2311
0,0,0,20128,5042,1,2568,1448,1,0,2516.153076,1.2319
0,0,0,26880,5018,1,3082,1475,2,0,3360.247559,1.2308
0,0,0,13993,5072,1,2837,1414,0,0,1749.212158,1.2311
0,0,0,20128,5042,1,2568,1448,1,0,2516.153076,1.2319
0,0,0,26879,5019,1,2600,1474,2,0,3360.247559,1.2308
0,0,0,39082,3228,1,2159,4073,0,0,4885.708984,0.7918
0,0,0,56832,3150,1,3286,4231,1,0,7104.448242,0.7878
0,0,0,39084,3229,1,2058,4072,0,0,4885.708984,0.7918
0,0,0,56831,3150,1,2323,4231,1,0,7104.448242,0.7878
0,0,0,76724,3084,1,2128,4370,2,0,9590.911133,0.7806
0,0,0,32291,3686,1,2367,3251,0,0,4037.347656,0.8865
0,0,0,45947,3758,1,1586,3135,1,0,5743.866211,0.8933
0,0,0,32297,3694,1,3350,3237,0,0,4037.347656,0.8865
0,0,0,45949,3756,1,2548,3138,1,0,5743.866211,0.8933
0,0,0,60242,3803,1,2387,3064,2,0,7530.349609,0.9005
0,0,0,46550,2860,1,2445,4879,0,0,5818.888184,0.7048
0,0,0,67738,2798,1,2902,5033,1,0,8467.856445,0.7005
0,0,0,91279,2752,1,2355,5148,2,0,11410.763672,0.6943
0,0,0,46542,2866,1,2439,4865,0,0,5818.888184,0.7048
0,0,0,67740,2798,1,3386,5033,1,0,8467.856445,0.7005
0,0,0,4921,5913,1,2486,523,0,0,615.163086,1.4471
0,0,0,7010,5983,1,2547,452,1,0,876.533203,1.4486
0,0,0,8962,6036,1,1695,399,2,0,1120.601807,1.4534
0,0,0,4921,5913,1,2486,523,0,0,615.163086,1.4471
0,0,0,7010,5983,1,2546,452,1,0,876.533203,1.4486
0,0,0,8966,6026,1,2655,409,2,0,1120.601807,1.4534
0,0,0,8269,5560,1,2661,887,0,0,1033.831177,1.3649
0,0,0,11986,5598,1,2996,847,1,0,-9999.000000,2.3562
0,0,0,15775,5616,1,2904,828,2,0,1973.180054,1.3660
0,0,0,8269,5560,1,2661,887,0,0,1033.831177,1.3649
0,0,0,11979,5598,1,2502,847,1,0,-9999.000000,2.3562
0,0,0,15784,5633,1,2456,811,2,0,1973.180054,1.3660
0,0,0,6734,5606,1,2510,839,0,0,841.694153,1.4023
0,0,0,10024,5745,1,3060,695,1,0,-9999.000000,2.3562
0,0,0,12928,5852,1,2725,585,2,0,-9999.000000,2.3562
0,0,0,6732,5608,1,2028,837,0,0,841.694153,1.4023
0,0,0,10024,5745,1,2580,695,1,0,-9999.000000,2.3562
0,0,0,12928,5852,1,2724,585,2,0,-9999.000000,2.3562
0,0,0,5305,5951,1,2802,485,0,0,663.360779,1.4376
0,0,0,7276,6003,1,2136,432,1,0,909.647949,1.4441
0,0,0,9151,6049,1,1123,386,2,0,1144.012329,1.4510
0,0,0,5305,5951,1,2802,485,0,0,663.360779,1.4376
0,0,0,7276,6003,1,2617,432,1,0,909.647949,1.4441
0,0,0,9151,6050,1,2567,385,2,0,1144.012329,1.4510
0,0,0,41511,3114,1,2411,4306,0,0,5189.208008,0.7617
0,0,0,59651,3179,1,2252,4172,1,0,7456.591797,0.7636
0,0,0,78661,3222,1,2425,4085,2,0,9833.017578,0.7682
0,0,0,41511,3114,1,2411,4306,0,0,5189.208008,0.7617
0,0,0,59651,3179,1,1771,4172,1,0,7456.591797,0.7636
0,0,0,78661,3223,1,504,4083,2,0,9833.017578,0.7682
0,0,0,18211,4636,1,2718,1923,0,0,2278.749023,1.1393
0,0,0,26377,4603,1,2568,1963,1,0,3297.387451,1.1381
0,0,0,35687,4527,1,2368,2057,2,0,4461.151367,1.1318
0,0,0,17737,4703,1,2314,1841,0,0,2217.203857,1.1496
0,0,0,25550,3400,1,201,3745,1,0,3276.507324,1.1405
0,0,0,30204,3776,1,2627,3106,0,0,3775.622314,0.9191
0,0,0,43607,3741,1,2454,3162,1,0,5450.750977,0.9187
0,0,0,58281,3716,1,2662,3201,2,0,7285.564941,0.9166
0,0,0,30204,3776,1,2626,3106,0,0,3775.622314,0.9191
0,0,0,43606,3741,1,2453,3162,1,0,5450.750977,0.9187
0,0,0,58281,3716,1,3142,3201,2,0,7285.564941,0.9166
0,0,0,37416,3293,1,2000,3946,0,0,4677.405762,0.8136
0,0,0,54720,3193,1,3285,4144,1,0,6840.074707,0.8068
0,0,0,37419,3290,1,2001,3952,0,0,4677.405762,0.8136
0,0,0,54713,3199,1,2287,4131,1,0,6840.074707,0.8068
0,0,0,74143,2938,1,1947,4694,2,0,9287.082031,0.7967
0,0,0,45400,2929,1,2190,4716,0,0,5669.658691,0.7176
0,0,0,27221,3950,1,2446,2841,0,0,3402.501465,0.9685
0,0,0,39540,3890,1,2227,2930,1,0,4942.486328,0.9652
0,0,0,53243,3841,1,2862,3005,2,0,6655.596680,0.9597
0,0,0,27219,3952,1,2446,2837,0,0,3402.501465,0.9685
0,0,0,39540,3889,1,3188,2931,1,0,4942.486328,0.9652
0,0,0,46512,2896,1,2915,4792,0,0,5814.315918,0.7052
0,0,0,66792,2941,1,2296,4687,1,0,-9999.000000,2.3562
0,0,0,88237,2974,1,2059,4613,2,0,11030.453125,0.7110
0,0,0,46512,2896,1,2915,4792,0,0,5814.315918,0.7052
0,0,0,66791,2942,1,2296,4686,1,0,-9999.000000,2.3562
0,0,0,88243,2970,1,1102,4621,2,0,11030.453125,0.7110
0,0,0,6090,5818,1,2829,620,0,0,761.421936,1.4181
0,0,0,8678,5850,1,2391,587,1,0,1084.926025,1.4200
0,0,0,11311,5875,1,1915,562,2,0,1413.861084,1.4231
0,0,0,6090,5818,1,2829,620,0,0,761.421936,1.4181
0,0,0,8678,5850,1,2391,587,1,0,1084.926025,1.4200
0,0,0,11309,5877,1,2393,560,2,0,1413.861084,1.4231
0,0,0,18731,4628,1,2790,1932,0,0,2341.842529,1.1288
0,0,0,26913,4665,1,2751,1887,1,0,3364.419678,1.1304
0,0,0,35529,4696,1,2246,1850,2,0,4441.382324,1.1335
0,0,0,3546,6202,1,2554,232,1,0,443.660736,1.5087
0,0,0,4535,6237,1,2641,197,2,0,567.007507,1.5112
0,0,0,4007,6097,1,2747,337,0,0,500.972473,1.4699
0,0,0,5349,6149,1,2745,285,1,0,668.774902,1.4774
0,0,0,6558,6190,1,2319,244,2,0,819.999268,1.4847
0,0,0,4005,6098,1,2554,336,0,0,500.972473,1.4699
0,0,0,5349,6148,1,2264,286,1,0,668.774902,1.4774
0,0,0,6559,6190,1,878,244,2,0,819.999268,1.4847
0,0,0,7202,5640,1,2031,804,0,0,900.417847,1.3908
0,0,0,10785,5574,1,2494,872,1,0,1348.452515,1.3841
0,0,0,14969,5516,1,2634,933,2,0,1871.271973,1.3763
0,0,0,7202,5640,1,2512,804,0,0,900.417847,1.3908
0,0,0,10786,5574,1,3456,872,1,0,1348.452515,1.3841
0,0,0,14987,5530,1,4607,918,2,0,1871.271973,1.3763
0,0,0,27119,3864,1,2146,2970,0,0,-9999.000000,2.3562
0,0,0,39915,3822,1,1919,3034,1,0,-9999.000000,2.3562
0,0,0,54480,3721,1,2275,3194,2,0,6810.417969,0.9488
0,0,0,20042,4500,1,2410,2091,0,0,2505.669189,1.1021
0,0,0,29093,4464,1,2552,2137,1,0,3636.943359,1.0996
0,0,0,39059,4433,1,2472,2176,2,0,4882.463379,1.0961
0,0,0,20042,4500,1,2410,2091,0,0,2505.669189,1.1021
0,0,0,29090,4458,1,2539,2144,1,0,3636.943359,1.0996
0,0,0,39061,4431,1,3435,2179,2,0,4882.463379,1.0961
0,0,0,28152,3887,1,2316,2935,0,0,3518.232910,0.9528
0,0,0,40565,3933,1,2416,2865,1,0,5070.558105,0.9532
0,0,0,53698,3960,1,2498,2826,2,0,6712.692383,0.9557
0,0,0,28152,3887,1,2316,2935,0,0,3518.232910,0.9528
0,0,0,40560,3930,1,2402,2870,1,0,5070.558105,0.9532
0,0,0,53699,3960,1,2019,2826,2,0,6712.692383,0.9557
0,0,0,27954,3921,1,2440,2883,0,0,3495.208252,0.9559
0,0,0,40056,4003,1,2457,2762,1,0,5007.461914,0.9591
0,0,0,52510,4080,1,2689,2652,2,0,6564.189453,0.9662
0,0,0,27956,3921,1,2443,2883,0,0,3495.208252,0.9559
0,0,0,40056,4005,1,1978,2760,1,0,5007.461914,0.9591
0,0,0,52573,3992,1,292,2779,2,0,6564.189453,0.9662
0,0,0,26779,3992,1,2570,2779,0,0,3347.487305,0.9761
0,0,0,38832,3939,1,2802,2857,1,0,4854.126465,0.9737
0,0,0,52169,3895,1,2317,2922,2,0,6520.977051,0.9692
0,0,0,14566,5093,1,3039,1390,0,0,1821.042969,1.2182
0,0,0,20431,5134,1,2311,1345,1,0,2554.317139,1.2272
0,0,0,26564,5160,1,2598,1316,2,0,3320.616455,1.2345
0,0,0,14566,5093,1,2559,1390,0,0,1821.042969,1.2182
0,0,0,20433,5132,1,1832,1347,1,0,2554.317139,1.2272
0,0,0,2088,6336,1,2186,98,1,0,261.258392,1.5342
0,0,0,2484,6359,1,2499,74,2,0,310.663055,1.5381
0,0,0,30586,3669,1,2300,3278,0,0,3823.417969,0.9130
0,0,0,44744,3628,1,3595,3346,1,0,5593.134766,0.9062
0,0,0,30584,3672,1,2300,3273,0,0,3823.417969,0.9130
0,0,0,44742,3631,1,2486,3340,1,0,5593.134766,0.9062
0,0,0,60327,3594,1,2720,3403,2,0,7541.350098,0.8998
0,0,0,48219,2781,1,2448,5076,0,0,6028.045898,0.6874
0,0,0,68678,3034,1,1939,4478,1,0,-9999.000000,2.3562
0,0,0,48224,2780,1,1976,5078,0,0,6028.045898,0.6874
0,0,0,68779,2907,1,910,4766,1,0,-9999.000000,2.3562
0,0,0,23111,4254,1,2720,2412,0,0,2889.322510,1.0424
0,0,0,33293,4306,1,2781,2342,1,0,4162.057617,1.0430
0,0,0,43962,4348,1,2084,2286,2,0,5495.792969,1.0463
0,0,0,23111,4254,1,2720,2412,0,0,2889.322510,1.0424
0,0,0,33295,4304,1,2784,2344,1,0,4162.057617,1.0430
0,0,0,43935,4299,1,2449,2351,2,0,5495.792969,1.0463
0,0,0,26301,4030,1,2617,2723,0,0,3286.552490,0.9846
0,0,0,37660,4123,1,2631,2591,1,0,4707.648438,0.9878
0,0,0,49388,4186,1,2639,2504,2,0,6173.880371,0.9945
0,0,0,11754,5304,1,3179,1159,0,0,1469.689575,1.2821
0,0,0,16561,5375,1,2505,1083,1,0,2070.346680,1.2885
0,0,0,21405,5433,1,2649,1021,2,0,2675.932373,1.2962
0,0,0,11757,5304,1,2648,1159,0,0,1469.689575,1.2821
0,0,0,16562,5374,1,2507,1084,1,0,2070.346680,1.2885
0,0,0,21405,5433,1,728,1021,2,0,2675.932373,1.2962
0,0,0,21994,4375,1,2530,2251,0,0,2748.664551,1.0638
0,0,0,6801,5684,1,2226,758,0,0,850.384033,1.4006
0,0,0,10115,5651,1,2670,792,1,0,1264.583374,1.3955
0,0,0,13852,5624,1,2909,820,2,0,1731.361572,1.3905
0,0,0,6802,5684,1,2708,758,0,0,850.384033,1.4006
0,0,0,10114,5651,1,3149,792,1,0,1264.583374,1.3955
0,0,0,13847,5618,1,3855,826,2,0,1731.361572,1.3905
0,0,0,8310,5616,1,2786,829,0,0,1039.063477,1.3638
0,0,0,11775,5655,1,2631,788,1,0,1472.185547,1.3674
0,0,0,15324,5686,1,2550,756,2,0,1915.834473,1.3718
0,0,0,8311,5615,1,2788,830,0,0,1039.063477,1.3638
0,0,0,11776,5655,1,2151,788,1,0,1472.185547,1.3674
0,0,0,15326,5685,1,1591,757,2,0,1915.834473,1.3718
0,0,0,31053,3672,1,2276,3273,0,0,3882.357910,0.9056
0,0,0,44892,3714,1,2773,3205,1,0,5612.074707,0.9046
0,0,0,59580,3739,1,2410,3165,2,0,7447.924805,0.9059
0,0,0,31053,3672,1,2276,3273,0,0,3882.357910,0.9056
0,0,0,44891,3714,1,2772,3205,1,0,5612.074707,0.9046
0,0,0,59580,3739,1,2410,3165,2,0,7447.924805,0.9059
0,0,0,43030,3040,1,2445,4466,0,0,5379.413574,0.7437
0,0,0,62039,3069,1,2486,4402,1,0,7755.837891,0.7440
0,0,0,82260,3088,1,1675,4361,2,0,10283.095703,0.7458
0,0,0,43030,3040,1,2445,4466,0,0,5379.413574,0.7437
0,0,0,62039,3069,1,2006,4402,1,0,7755.837891,0.7440
0,0,0,82259,3090,1,2156,4358,2,0,10283.095703,0.7458
0,0,0,25311,4104,1,2639,2618,0,0,3164.064941,1.0020
0,0,0,36401,4146,1,2546,2559,1,0,4550.539062,1.0033
0,0,0,48111,4177,1,2476,2517,2,0,6014.205078,1.0064
0,0,0,25051,4123,1,2620,2592,0,0,3131.671387,1.0066
0,0,0,36046,4158,1,2332,2542,1,0,4505.889648,1.0078
0,0,0,47667,4191,1,2568,2497,2,0,5958.552246,1.0106
0,0,0,25051,4123,1,2620,2592,0,0,3131.671387,1.0066
0,0,0,36049,4151,1,2329,2552,1,0,4505.889648,1.0078
0,0,0,47667,4191,1,1606,2497,2,0,5958.552246,1.0106
0,0,0,40006,3192,1,2404,4146,0,0,5001.149414,0.7802
0,0,0,58022,3128,1,2741,4276,1,0,7253.099121,0.7775
0,0,0,77704,3251,1,4411,4027,2,0,9752.390625,0.7723
0,0,0,40006,3192,1,2404,4146,0,0,5001.149414,0.7802
0,0,0,58023,3128,1,2261,4276,1,0,7253.099121,0.7775
0,0,0,78018,3078,1,2301,4382,2,0,9752.390625,0.7723
0,0,0,29112,3820,1,2300,3037,0,0,3639.275635,0.9367
0,0,0,41971,3868,1,2733,2964,1,0,5246.730469,0.9370
0,0,0,55497,3907,1,2660,2904,2,0,6937.696777,0.9400
0,0,0,29114,3818,1,2359,3041,0,0,3639.275635,0.9367
0,0,0,41972,3867,1,2734,2965,1,0,5246.730469,0.9370
0,0,0,55498,3907,1,2180,2905,2,0,6937.696777,0.9400
0,0,0,42982,3032,1,1856,4483,0,0,5373.078125,0.7443
0,0,0,62430,2980,1,2123,4598,1,0,7804.044434,0.7409
0,0,0,83946,2933,1,2319,4707,2,0,10493.460938,0.7357
0,0,0,42983,3031,1,2337,4484,0,0,5373.078125,0.7443
0,0,0,62431,2975,1,3076,4610,1,0,7804.044434,0.7409
0,0,0,4307,5916,1,2703,520,0,0,538.439880,1.4624
0,0,0,6469,5628,1,3045,816,1,0,823.079407,1.4560
0,0,0,9162,5869,1,4820,568,2,0,1145.579956,1.4508
0,0,0,4304,5915,1,2216,521,0,0,538.439880,1.4624
0,0,0,6650,6071,1,2872,363,1,0,823.079407,1.4560
0,0,0,9163,5869,1,2419,568,2,0,1145.579956,1.4508
0,0,0,6685,5760,1,3014,680,0,0,835.819031,1.4035
0,0,0,9344,5888,1,2798,549,1,0,-9999.000000,2.3562
0,0,0,11633,5981,1,2660,454,2,0,-9999.000000,2.3562
0,0,0,6686,5760,1,2534,680,0,0,835.819031,1.4035
0,0,0,9341,5880,1,2305,557,1,0,-9999.000000,2.3562
0,0,0,8238,5568,1,2606,879,0,0,1029.909180,1.3656
0,0,0,12057,5547,1,2608,901,1,0,1507.802490,1.3626
0,0,0,16350,5508,1,2505,942,2,0,2043.933838,1.3589
0,0,0,8238,5569,1,2605,878,0,0,1029.909180,1.3656
0,0,0,12063,5535,1,3088,913,1,0,1507.802490,1.3626
0,0,0,16348,5509,1,3944,941,2,0,2043.933838,1.3589
0,0,0,47372,2846,1,2319,4913,0,0,5922.179199,0.6961
0,0,0,68083,2908,1,2403,4764,1,0,8510.655273,0.6980
0,0,0,89777,2957,1,2701,4650,2,0,-9999.000000,2.3562
0,0,0,47372,2846,1,2319,4913,0,0,5922.179199,0.6961
0,0,0,68083,2908,1,1922,4765,1,0,8510.655273,0.6980
0,0,0,4538,5937,1,2701,499,0,0,567.610962,1.4566
0,0,0,6738,5905,1,2889,531,1,0,842.535645,1.4533
0,0,0,9261,5879,1,3584,558,2,0,1157.933716,1.4495
0,0,0,4538,5937,1,2701,499,0,0,567.610962,1.4566
0,0,0,6739,5904,1,2890,532,1,0,842.535645,1.4533
0,0,0,9263,5879,1,2627,558,2,0,1157.933716,1.4495
0,0,0,3445,6236,1,2864,198,1,0,430.772461,1.5105
0,0,0,4303,6260,1,2679,174,2,0,538.015198,1.5142
0,0,0,11795,5246,1,2576,1222,0,0,1474.737793,1.2812
0,0,0,16916,5299,1,2659,1164,1,0,2114.685303,1.2828
0,0,0,22167,5342,1,2160,1118,2,0,2771.164062,1.2870
0,0,0,11799,5240,1,2510,1228,0,0,1474.737793,1.2812
0,0,0,16916,5299,1,2659,1164,1,0,2114.685303,1.2828
0,0,0,22167,5342,1,2640,1118,2,0,2771.164062,1.2870
0,0,0,46733,2883,1,2069,4825,0,0,5841.676758,0.7029
0,0,0,67715,2819,1,2425,4980,1,0,8465.282227,0.7006
0,0,0,91456,2591,1,4701,5585,2,0,-9999.000000,2.3562
0,0,0,46733,2883,1,2069,4825,0,0,5841.676758,0.7029
0,0,0,67713,2819,1,2423,4979,1,0,8465.282227,0.7006
0,0,0,91029,2777,1,2393,5086,2,0,-9999.000000,2.3562
0,0,0,23673,4209,1,2356,2472,0,0,2959.290039,1.0319
0,0,0,34183,4171,1,2467,2524,1,0,4267.760254,1.0320
0,0,0,45171,4292,1,2028,2361,2,0,5646.217285,1.0345
0,0,0,23673,4209,1,2356,2472,0,0,2959.290039,1.0319
0,0,0,34140,4251,1,2484,2416,1,0,4267.760254,1.0320
0,0,0,45171,4291,1,2509,2362,2,0,5646.217285,1.0345
0,0,0,3125,6189,1,2660,245,1,0,390.753418,1.5161
0,0,0,4384,6139,1,2728,295,2,0,548.248169,1.5131
0,0,0,11141,5275,1,2410,1190,0,0,1392.362671,1.2965
0,0,0,16256,5252,1,2541,1215,1,0,2032.198486,1.2935
0,0,0,21949,5226,1,2566,1244,2,0,2743.596436,1.2896
0,0,0,11136,5287,1,2891,1177,0,0,1392.362671,1.2965
0,0,0,16253,5254,1,3018,1213,1,0,2032.198486,1.2935
0,0,0,21948,5226,1,4007,1244,2,0,2743.596436,1.2896
0,0,0,2432,6346,1,2643,87,1,0,303.900238,1.5283
0,0,0,2742,6386,1,2561,47,2,0,343.085541,1.5347
0,0,0,7279,5694,1,2708,748,0,0,910.188782,1.3889
0,0,0,10327,5767,1,2245,672,1,0,1290.996216,1.3919
0,0,0,13275,5823,1,1468,615,2,0,1659.557129,1.3979
0,0,0,7279,5694,1,2708,748,0,0,910.188782,1.3889
0,0,0,10326,5768,1,2725,671,1,0,1290.996216,1.3919
0,0,0,13275,5823,1,2910,615,2,0,1659.557129,1.3979
0,0,0,39098,3270,1,2928,3991,0,0,4887.282227,0.7917
0,0,0,73401,3392,1,1342,3759,2,0,9175.447266,0.8028
0,0,0,39099,3267,1,2299,3996,0,0,4887.282227,0.7917
0,0,0,55876,3333,1,1713,3870,1,0,-9999.000000,2.3562
0,0,0,12855,5078,1,2487,1407,0,0,1607.034180,1.2568
0,0,0,19421,4845,1,4308,1673,1,0,2428.062744,1.2430
0,0,0,5592,5820,1,2796,618,0,0,699.180237,1.4304
0,0,0,8450,5758,1,3288,-682,1,0,-9999.000000,2.3562
0,0,0,11537,5736,1,4155,704,2,0,1442.311768,1.4201
0,0,0,5592,5820,1,2796,618,0,0,699.180237,1.4304
0,0,0,8450,5758,1,3288,-682,1,0,-9999.000000,2.3562
0,0,0,11537,5736,1,4155,704,2,0,1442.311768,1.4201
0,0,0,28057,3906,1,2148,2906,0,0,3508.140625,0.9541
0,0,0,40111,4042,1,1659,2706,1,0,5014.350586,0.9585
0,0,0,28067,3899,1,2158,2917,0,0,3508.140625,0.9541
0,0,0,40113,4042,1,2623,2706,1,0,5014.350586,0.9585
0,0,0,52162,4160,1,2578,2540,2,0,6520.496094,0.9693
0,0,0,15862,5693,1,3711,749,0,0,2270.853760,1.1406
0,0,0,18173,4627,1,2155,1933,0,0,2270.853760,1.1406
0,0,0,26508,4576,1,2800,1996,1,0,3313.853760,1.1362
0,0,0,35925,4513,1,2827,2075,2,0,-9999.000000,2.3562
0,0,0,7226,5712,1,2617,729,0,0,903.492737,1.3902
0,0,0,10693,5551,1,2767,896,1,0,1336.875854,1.3857
0,0,0,15177,5421,1,2955,1034,2,0,-9999.000000,2.3562
0,0,0,23450,4229,1,2411,2445,0,0,2931.507324,1.0360
0,0,0,34101,4166,1,2296,2532,1,0,4262.788574,1.0325
0,0,0,45936,4126,1,2385,2587,2,0,5742.319824,1.0271
0,0,0,23450,4229,1,2412,2445,0,0,2931.507324,1.0360
0,0,0,34136,4099,1,2759,2625,1,0,4262.788574,1.0325
0,0,0,45879,4231,1,3848,2443,2,0,5742.319824,1.0271
0,0,0,2723,6195,1,2822,239,1,0,340.659973,1.5231
0,0,0,3956,6146,1,3320,288,2,0,494.767792,1.5188
0,0,0,1946,6413,1,2581,-20,1,0,241.548965,1.5370
0,0,0,1724,6326,1,1976,-108,2,0,205.951508,1.5491
0,0,0,24589,4130,1,2664,2582,0,0,3074.009277,1.0150
0,0,0,35573,4153,1,2821,2550,1,0,4446.853516,1.0137
0,0,0,47232,4181,1,2646,2511,2,0,5904.777832,1.0147
0,0,0,24589,4130,1,2664,2582,0,0,3074.009277,1.0150
0,0,0,35572,4154,1,2821,2548,1,0,4446.853516,1.0137
0,0,0,47233,4181,1,2647,2511,2,0,5904.777832,1.0147
0,0,0,11225,5297,1,2595,1167,0,0,1403.271973,1.2945
0,0,0,16335,5241,1,2687,1227,1,0,2042.175415,1.2922
0,0,0,22171,5129,1,2911,1350,2,0,2768.158203,1.2873
0,0,0,23708,4169,1,2385,2527,0,0,2963.692627,1.0312
0,0,0,34666,4254,1,3059,2411,1,0,-9999.000000,2.3562
0,0,0,46909,4071,1,2815,2665,2,0,5864.397949,1.0177
0,0,0,46265,2865,1,2366,4866,0,0,5783.617188,0.7078
0,0,0,67368,2814,1,3161,4993,1,0,8421.572266,0.7032
0,0,0,90664,2777,1,3105,5085,2,0,11333.380859,0.6976
0,0,0,46265,2865,1,2366,4866,0,0,5783.617188,0.7078
0,0,0,67370,2811,1,3159,4999,1,0,8421.572266,0.7032
0,0,0,21119,4415,1,2261,2199,0,0,2640.137451,1.0807
0,0,0,30679,4360,1,2554,2271,1,0,3835.451416,1.0778
0,0,0,41309,4339,1,3974,2298,2,0,5162.558105,1.0730
0,0,0,21119,4415,1,2261,2199,0,0,2640.137451,1.0807
0,0,0,30682,4358,1,2429,2273,1,0,3835.451416,1.0778
0,0,0,41309,4339,1,2534,2298,2,0,5162.558105,1.0730
0,0,0,20612,4445,1,2021,2161,0,0,2576.913330,1.0907
0,0,0,30136,4340,1,2565,2297,1,0,3767.701172,1.0852
0,0,0,41044,4254,1,2376,2412,2,0,-9999.000000,2.3562
0,0,0,48527,2806,1,2631,5012,0,0,6065.899902,0.6843
0,0,0,69632,2871,1,2054,4852,1,0,8705.922852,0.6868
0,0,0,91846,2907,1,2404,4767,2,0,11481.740234,0.6912
0,0,0,40930,3089,1,2169,4359,0,0,5116.085449,0.7688
0,0,0,41889,3091,1,2168,4356,0,0,5236.523438,0.7572
0,0,0,60748,3045,1,2257,4455,1,0,7594.571289,0.7545
0,0,0,81565,3006,1,2520,4540,2,0,-9999.000000,2.3562
0,0,0,41889,3091,1,2168,4355,0,0,5236.523438,0.7572
0,0,0,60753,3041,1,2741,4462,1,0,7594.571289,0.7545
0,0,0,81564,3006,1,3959,4541,2,0,-9999.000000,2.3562
0,0,0,47301,2830,1,2148,4952,0,0,5913.846191,0.6968
0,0,0,68820,2774,1,2608,5092,1,0,-9999.000000,2.3562
0,0,0,92674,2728,1,2684,5210,2,0,-9999.000000,2.3562
0,0,0,10680,5295,1,2464,1169,0,0,1335.294434,1.3073
0,0,0,15792,5247,1,2568,1221,1,0,1974.385864,1.3010
0,0,0,21529,5215,1,2677,1256,2,0,2690.764648,1.2948
0,0,0,3867,6052,1,2349,383,0,0,483.187225,1.4735
0,0,0,5524,6028,1,2501,407,1,0,690.887329,1.4743
0,0,0,7478,6000,1,2537,435,2,0,934.865723,1.4727
0,0,0,3867,6052,1,2464,383,0,0,483.187225,1.4735
0,0,0,5524,6028,1,2501,407,1,0,690.887329,1.4743
0,0,0,7478,6000,1,3018,435,2,0,934.865723,1.4727
0,0,0,38381,3238,1,2407,4054,0,0,4798.235352,0.8009
0,0,0,56357,3092,1,4145,4352,1,0,-9999.000000,2.3562
0,0,0,26389,4034,1,2798,2718,0,0,3296.518799,0.9832
0,0,0,38205,3965,1,2546,2818,1,0,4775.942383,0.9812
0,0,0,51418,3913,1,2967,2896,2,0,-9999.000000,2.3562
0,0,0,24850,4189,1,2768,2500,0,0,3106.400635,1.0103
0,0,0,35386,4248,1,2569,2419,1,0,4423.815430,1.0160
0,0,0,46370,4242,1,2443,2427,2,0,5800.056152,1.0227
0,0,0,29593,3796,1,2130,3074,0,0,3699.323242,0.9289
0,0,0,43046,3707,1,2724,3216,1,0,5381.077148,0.9249
0,0,0,29593,3796,1,2052,3075,0,0,3699.323242,0.9289
0,0,0,43046,3707,1,2724,3216,1,0,5381.077148,0.9249
0,0,0,58143,3648,1,2761,3313,2,0,7268.184082,0.9177
0,0,0,22535,4271,1,2066,2389,0,0,2817.446289,1.0533
0,0,0,32880,4232,1,2823,2441,1,0,4110.321289,1.0484
0,0,0,44249,4223,1,3942,2453,2,0,-9999.000000,2.3562
0,0,0,22532,4280,1,2069,2377,0,0,2817.446289,1.0533
0,0,0,32880,4232,1,2343,2441,1,0,4110.321289,1.0484
0,0,0,44248,4208,1,2480,2474,2,0,-9999.000000,2.3562
0,0,0,7031,5667,1,2671,776,0,0,879.044373,1.3950
0,0,0,9614,6012,1,2015,423,1,0,1201.768311,1.4040
0,0,0,26659,4009,1,3310,2754,0,0,-9999.000000,2.3562
0,0,0,38528,4021,1,2789,2737,1,0,4816.303223,0.9773
0,0,0,51061,4048,1,2439,2698,2,0,6383.099121,0.9792
0,0,0,35452,3337,1,2461,3862,0,0,4431.757812,0.8405
0,0,0,43092,3025,1,2546,4497,0,0,5386.845703,0.7431
0,0,0,62463,3000,1,3192,4554,1,0,7808.899414,0.7406
0,0,0,43092,3025,1,2546,4497,0,0,5386.845703,0.7431
0,0,0,62468,2997,1,3197,4560,1,0,7808.899414,0.7406
0,0,0,83661,2972,1,2314,4616,2,0,10458.081055,0.7374
0,0,0,25809,4009,1,2571,2754,0,0,3227.868408,0.9929
0,0,0,37630,3984,1,2384,2790,1,0,4703.956055,0.9882
0,0,0,50657,3948,1,2455,2844,2,0,6332.400879,0.9829
0,0,0,8525,5569,1,2699,878,0,0,1065.786743,1.3587
0,0,0,12404,5511,1,2787,938,1,0,1550.856201,1.3569
0,0,0,16870,5462,1,2539,990,2,0,2108.993652,1.3523
0,0,0,8525,5569,1,2699,878,0,0,1065.786743,1.3587
0,0,0,12405,5511,1,3269,938,1,0,1550.856201,1.3569
0,0,0,16868,5463,1,3977,989,2,0,2108.993652,1.3523
0,0,0,3017,6130,1,2388,304,1,0,-9999.000000,2.3562
0,0,0,4534,6085,1,2978,349,2,0,567.019165,1.5112
0,0,0,10853,5388,1,2405,1069,0,0,1356.579956,1.3033
0,0,0,10853,5388,1,2405,1069,0,0,1356.579956,1.3033
0,0,0,5023,5931,1,2705,505,0,0,628.163513,1.4445
0,0,0,7016,6012,1,2585,423,1,0,-9999.000000,2.3562
0,0,0,8806,6073,1,1418,361,2,0,-9999.000000,2.3562
0,0,0,5023,5931,1,2705,505,0,0,628.163513,1.4445
0,0,0,7015,6012,1,2583,423,1,0,-9999.000000,2.3562
0,0,0,8805,6075,1,2860,359,2,0,-9999.000000,2.3562
0,0,0,8607,5478,1,2311,973,0,0,1076.054321,1.3567
0,0,0,12908,5416,1,2738,1039,1,0,1613.754639,1.3485
0,0,0,8607,5478,1,2791,973,0,0,1076.054321,1.3567
0,0,0,12907,5416,1,3698,1039,1,0,1613.754639,1.3485
0,0,0,3093,6221,1,2626,213,1,0,386.953278,1.5166
0,0,0,4215,6163,1,2413,271,2,0,526.872131,1.5154
0,0,0,5304,5916,1,2775,520,0,0,663.343994,1.4376
0,0,0,7774,5814,1,2952,624,1,0,971.753784,1.4355
0,0,0,10875,5734,1,4272,706,2,0,1359.605225,1.4286
0,0,0,5305,5911,1,2772,525,0,0,663.343994,1.4376
0,0,0,7774,5814,1,2952,624,1,0,971.753784,1.4355
0,0,0,10874,5734,1,2828,706,2,0,1359.605225,1.4286
0,0,0,29478,3782,1,2180,3096,0,0,3684.889648,0.9308
0,0,0,42625,3817,1,2525,3042,1,0,5328.993652,0.9296
0,0,0,56614,3840,1,2395,3006,2,0,7076.601562,0.9306
0,0,0,29478,3782,1,2104,3096,0,0,3684.889648,0.9308
0,0,0,42625,3817,1,2525,3042,1,0,5328.993652,0.9296
0,0,0,56609,3836,1,2859,3012,2,0,7076.601562,0.9306
0,0,0,27179,4009,1,2427,2754,0,0,3401.857178,0.9686
0,0,0,39356,3915,1,2376,2893,1,0,4919.787598,0.9674
0,0,0,53011,3844,1,2402,3000,2,0,6626.720215,0.9617
0,0,0,27227,3974,1,2486,2805,0,0,3401.857178,0.9686
0,0,0,39357,3914,1,2377,2894,1,0,4919.787598,0.9674
0,0,0,53011,3844,1,3844,3001,2,0,6626.720215,0.9617
0,0,0,19575,4500,1,2436,2091,0,0,2447.004150,1.1116
0,0,0,28667,4451,1,2645,2153,1,0,3583.708008,1.1056
0,0,0,38714,4418,1,2725,2196,2,0,4839.495117,1.0996
0,0,0,19570,4491,1,2899,2103,0,0,2447.004150,1.1116
0,0,0,28665,4452,1,3603,2152,1,0,3583.708008,1.1056
0,0,0,40029,3170,1,2418,4190,0,0,5003.935059,0.7799
0,0,0,58553,3038,1,4101,4470,1,0,7320.126953,0.7729
0,0,0,2863,6238,1,2680,196,0,0,358.037872,1.4986
0,0,0,3632,6276,1,2314,158,1,0,454.268982,1.5072
0,0,0,4301,6303,1,795,131,2,0,537.833435,1.5142
0,0,0,2864,6237,1,2911,197,0,0,358.037872,1.4986
0,0,0,3632,6275,1,2794,159,1,0,454.268982,1.5072
0,0,0,4302,6303,1,2718,131,2,0,537.833435,1.5142
0,0,0,29644,3840,1,2580,3006,0,0,3705.855469,0.9281
0,0,0,42282,3925,1,2474,2878,1,0,-9999.000000,2.3562
0,0,0,55382,3980,1,2530,2796,2,0,-9999.000000,2.3562
0,0,0,29647,3837,1,2319,3011,0,0,3705.855469,0.9281
0,0,0,42288,3917,1,1516,2889,1,0,-9999.000000,2.3562
0,0,0,5303,5950,1,2799,486,0,0,662.930603,1.4376
0,0,0,6781,6243,1,1372,191,1,0,-9999.000000,2.3562
0,0,0,39008,3240,1,2133,4050,0,0,4876.682617,0.7928
0,0,0,56527,3200,1,2771,4130,1,0,7066.212402,0.7905
0,0,0,75752,3168,1,4193,4194,2,0,9469.319336,0.7870
0,0,0,39008,3240,1,1987,4050,0,0,4876.682617,0.7928
0,0,0,56523,3202,1,2288,4125,1,0,7066.212402,0.7905
0,0,0,75751,3169,1,2271,4193,2,0,9469.319336,0.7870
0,0,0,21914,4449,1,2921,2156,0,0,2739.508301,1.0652
0,0,0,30643,4721,1,1336,1820,1,0,3841.754150,1.0771
0,0,0,3174,6038,1,2133,397,0,0,396.989410,1.4908
0,0,0,4810,6067,1,2552,367,1,0,601.492249,1.4867
0,0,0,6438,6094,1,2949,340,2,0,805.090637,1.4863
0,0,0,3175,6038,1,2274,397,0,0,396.989410,1.4908
0,0,0,4809,6067,1,3030,367,1,0,601.492249,1.4867
0,0,0,6438,6094,1,2949,340,2,0,805.090637,1.4863
0,0,0,10040,5387,1,2701,1070,0,0,1254.968262,1.3224
0,0,0,14444,5464,1,2493,988,1,0,1810.463989,1.3224
0,0,0,18890,5524,1,1833,925,2,0,2361.399170,1.3272
0,0,0,10040,5384,1,2699,1073,0,0,1254.968262,1.3224
0,0,0,14485,5470,1,2581,982,1,0,1810.463989,1.3224
0,0,0,18890,5524,1,2315,925,2,0,2361.399170,1.3272
0,0,0,8863,5443,1,2315,1010,0,0,1108.181519,1.3505
0,0,0,13266,5410,1,2488,1045,1,0,1658.498779,1.3425
0,0,0,18176,5380,1,2665,1077,2,0,2272.271729,1.3360
0,0,0,19690,4549,1,2712,2030,0,0,2461.451416,1.1093
0,0,0,28293,4581,1,2530,1990,1,0,3536.757568,1.1108
0,0,0,37385,4609,1,2496,1955,2,0,4673.405273,1.1136
0,0,0,19690,4549,1,2712,2030,0,0,2461.451416,1.1093
0,0,0,28291,4583,1,2528,1988,1,0,3536.757568,1.1108
0,0,0,37383,4611,1,2013,1953,2,0,4673.405273,1.1136
0,0,0,10698,5347,1,2543,1113,0,0,1337.555298,1.3068
0,0,0,15157,5497,1,2511,953,1,0,-9999.000000,2.3562
0,0,0,19485,5567,1,2585,880,2,0,2435.711182,1.3198
0,0,0,10698,5347,1,2543,1113,0,0,1337.555298,1.3068
0,0,0,15146,5497,1,2008,953,1,0,-9999.000000,2.3562
0,0,0,19485,5568,1,866,879,2,0,2435.711182,1.3198
0,0,0,16157,4887,1,2681,1624,0,0,2019.534180,1.1834
0,0,0,23162,4852,1,2666,1665,1,0,2895.358887,1.1855
0,0,0,30948,4817,1,2831,1706,2,0,3868.862305,1.1841
0,0,0,16157,4887,1,2681,1624,0,0,2019.534180,1.1834
0,0,0,23159,4854,1,2663,1663,1,0,2895.358887,1.1855
0,0,0,30948,4817,1,2831,1706,2,0,3868.862305,1.1841
0,0,0,22952,4280,1,2427,2377,0,0,2869.242676,1.0454
0,0,0,32941,4351,1,2134,2282,1,0,4118.147949,1.0476
0,0,0,43211,4418,1,2590,2195,2,0,5402.327637,1.0537
0,0,0,22952,4280,1,2427,2377,0,0,2869.242676,1.0454
0,0,0,33034,4179,1,2101,2514,1,0,4118.147949,1.0476
0,0,0,43188,4370,1,562,2258,2,0,5402.327637,1.0537
0,0,0,43527,3047,1,2491,4449,0,0,5441.416504,0.7380
0,0,0,43527,3047,1,2491,4449,0,0,5441.416504,0.7380
0,0,0,25062,4100,1,2617,2623,0,0,3133.099121,1.0064
0,0,0,36169,4144,1,2560,2562,1,0,4521.711914,1.0062
0,0,0,47883,4177,1,2500,2517,2,0,5985.760742,1.0086
0,0,0,25064,4099,1,2620,2625,0,0,3133.099121,1.0064
0,0,0,36169,4144,1,2559,2562,1,0,4521.711914,1.0062
0,0,0,47882,4177,1,2019,2516,2,0,5985.760742,1.0086
0,0,0,29146,3921,1,2331,2884,0,0,3643.413818,0.9362
0,0,0,41163,4030,1,862,2724,1,0,-9999.000000,2.3562
0,0,0,2859,6087,1,2558,347,0,0,357.174652,1.4987
0,0,0,4236,6154,1,3408,280,1,0,529.640869,1.4967
0,0,0,5366,6216,1,2842,218,2,0,671.004028,1.5003
0,0,0,2859,6087,1,2437,347,0,0,357.174652,1.4987
0,0,0,4236,6154,1,2927,280,1,0,529.640869,1.4967
0,0,0,5367,6216,1,2363,218,2,0,671.004028,1.5003
0,0,0,20862,4443,1,2429,2163,0,0,2608.170166,1.0858
0,0,0,30054,4473,1,2562,2125,1,0,3757.345215,1.0863
0,0,0,39795,4497,1,2579,2095,2,0,4974.739258,1.0884
0,0,0,23786,4280,1,4097,2376,0,0,2973.546143,1.0298
0,0,0,33621,4397,1,3548,2223,1,0,4203.090820,1.0387
0,0,0,43531,4499,1,1405,2092,2,0,5441.652344,1.0506
0,0,0,44317,2766,1,1648,5113,0,0,5539.591309,0.7291
0,0,0,44317,2766,1,1648,5113,0,0,5539.591309,0.7291
0,0,0,8187,5492,1,1962,958,0,0,1023.454712,1.3669
0,0,0,12346,5468,1,2626,984,1,0,1543.502686,1.3579
0,0,0,16969,5442,1,2717,1011,2,0,2120.839111,1.3512
0,0,0,8186,5492,1,2442,958,0,0,1023.454712,1.3669
0,0,0,12348,5462,1,3586,990,1,0,1543.502686,1.3579
0,0,0,33799,3555,1,2335,3469,0,0,4225.163086,0.8641
0,0,0,48905,3482,1,2744,3596,1,0,6113.614258,0.8626
0,0,0,65761,3428,1,2262,3694,2,0,8220.435547,0.8575
0,0,0,33800,3555,1,2816,3470,0,0,4225.163086,0.8641
0,0,0,48905,3482,1,2744,3596,1,0,6113.614258,0.8626
0,0,0,65608,3641,1,4225,3325,2,0,8220.435547,0.8575
0,0,0,32648,3551,1,2429,3476,0,0,4080.934570,0.8812
0,0,0,47707,3506,1,3749,3555,1,0,5963.840820,0.8748
0,0,0,32648,3551,1,1949,3476,0,0,4080.934570,0.8812
0,0,0,47706,3506,1,2787,3554,1,0,5963.840820,0.8748
0,0,0,64280,3471,1,2736,3616,2,0,8035.619141,0.8687
0,0,0,10230,5374,1,2590,1084,0,0,1278.886963,1.3179
0,0,0,14973,5343,1,2950,1117,1,0,1871.507446,1.3144
0,0,0,20259,5303,1,2400,1160,2,0,2532.786621,1.3102
0,0,0,43178,3011,1,2212,4529,0,0,5398.354492,0.7420
0,0,0,62326,3058,1,2077,4426,1,0,7790.711914,0.7418
0,0,0,82504,3100,1,3148,4335,2,0,10313.674805,0.7444
0,0,0,43179,3011,1,2213,4530,0,0,5398.354492,0.7420
0,0,0,62323,3062,1,2559,4417,1,0,7790.711914,0.7418
0,0,0,82504,3101,1,1708,4334,2,0,10313.674805,0.7444
0,0,0,40942,3124,1,2249,4285,0,0,5118.420898,0.7686
0,0,0,59151,3157,1,2171,4216,1,0,7394.096191,0.7678
0,0,0,78458,3183,1,2426,4164,2,0,9807.470703,0.7695
0,0,0,40942,3124,1,2249,4285,0,0,5118.420898,0.7686
0,0,0,59146,3161,1,2649,4209,1,0,7394.096191,0.7678
0,0,0,78454,3187,1,1945,4156,2,0,9807.470703,0.7695
0,0,0,38946,3267,1,2619,3996,0,0,4868.435547,0.7936
0,0,0,55605,3381,1,1255,3780,1,0,6950.724609,0.7988
0,0,0,9050,5562,1,2783,885,0,0,1131.643921,1.3460
0,0,0,12765,5596,1,2149,849,1,0,1595.890381,1.3509
0,0,0,16607,5625,1,1212,819,2,0,2076.064697,1.3556
0,0,0,9052,5561,1,2786,886,0,0,1131.643921,1.3460
0,0,0,12765,5597,1,2631,848,1,0,1595.890381,1.3509
0,0,0,16607,5625,1,2653,819,2,0,2076.064697,1.3556
0,0,0,21785,4307,1,2524,2340,0,0,2723.513184,1.0677
0,0,0,32224,4050,1,3675,2695,1,0,4018.968262,1.0581
0,0,0,48908,2778,1,2379,5082,0,0,6113.770020,0.6805
0,0,0,70407,2826,1,2058,4963,1,0,8801.420898,0.6815
0,0,0,93095,2860,1,952,4880,2,0,11637.485352,0.6846
0,0,0,48908,2778,1,2379,5082,0,0,6113.770020,0.6805
0,0,0,70406,2826,1,2538,4963,1,0,8801.420898,0.6815
0,0,0,93097,2858,1,2394,4884,2,0,11637.485352,0.6846
0,0,0,15696,4927,1,2755,1578,0,0,1962.089844,1.1933
0,0,0,15696,4927,1,2755,1578,0,0,1962.089844,1.1933
0,0,0,49550,2741,1,2151,5177,0,0,6194.753906,0.6741
0,0,0,71601,2768,1,2387,5109,1,0,8950.469727,0.6733
0,0,0,95011,2790,1,2219,5053,2,0,-9999.000000,2.3562
0,0,0,49553,2737,1,2149,5188,0,0,6194.753906,0.6741
0,0,0,71601,2768,1,2867,5109,1,0,8950.469727,0.6733
0,0,0,95011,2790,1,3180,5053,2,0,-9999.000000,2.3562
0,0,0,11173,5373,1,3034,1085,0,0,1396.798828,1.2957
0,0,0,15721,5419,1,2119,1036,1,0,1965.295410,1.3022
0,0,0,20388,5460,1,1124,992,2,0,2548.741699,1.3087
0,0,0,11174,5373,1,3035,1085,0,0,1396.798828,1.2957
0,0,0,15721,5419,1,2600,1036,1,0,1965.295410,1.3022
0,0,0,20392,5468,1,2581,984,2,0,2548.741699,1.3087
0,0,0,25519,4083,1,2553,2647,0,0,3189.064941,0.9984
0,0,0,36694,4133,1,2634,2578,1,0,4587.151367,0.9997
0,0,0,48461,4170,1,2687,2526,2,0,6058.185059,1.0031
0,0,0,40725,3169,1,2366,4192,0,0,5090.799316,0.7713
0,0,0,59054,3079,1,2784,4380,1,0,7381.812500,0.7687
0,0,0,40725,3169,1,2366,4192,0,0,5090.799316,0.7713
0,0,0,59030,3053,1,2204,4436,1,0,7381.812500,0.7687
0,0,0,79617,3015,1,2007,4520,2,0,9952.741211,0.7621
0,0,0,11901,5285,1,2674,1180,0,0,1487.927856,1.2787
0,0,0,16807,5359,1,2501,1100,1,0,2100.496094,1.2846
0,0,0,21797,5398,1,2438,1058,2,0,2724.817139,1.2915
0,0,0,11900,5286,1,2673,1178,0,0,1487.927856,1.2787
0,0,0,16806,5356,1,2016,1103,1,0,2100.496094,1.2846
0,0,0,21797,5398,1,515,1058,2,0,2724.817139,1.2915
0,0,0,13388,5160,1,2661,1316,0,0,1673.373657,1.2447
0,0,0,18954,5199,1,2308,1273,1,0,2369.601807,1.2503
0,0,0,24714,5241,1,2346,1227,2,0,3089.495850,1.2564
0,0,0,10410,5375,1,2471,1083,0,0,1301.499268,1.3136
0,0,0,15218,5289,1,2906,1175,1,0,-9999.000000,2.3562
0,0,0,20610,5270,1,2817,1196,2,0,2576.384766,1.3060
0,0,0,8729,5414,1,2503,1041,0,0,1091.212524,1.3538
0,0,0,13324,5349,1,3983,1111,1,0,1665.753174,1.3416
0,0,0,46462,2831,1,2216,4949,0,0,5808.286133,0.7057
0,0,0,46462,2831,1,2216,4949,0,0,5808.286133,0.7057
0,0,0,3573,6223,1,3107,211,1,0,446.622528,1.5083
0,0,0,4463,6257,1,2517,177,2,0,558.069580,1.5121
0,0,0,13271,5096,1,2373,1387,0,0,1658.901611,1.2474
0,0,0,19115,5140,1,2569,1338,1,0,2389.530029,1.2478
0,0,0,25213,5170,1,2309,1305,2,0,3151.986084,1.2504
0,0,0,13271,5096,1,2373,1387,0,0,1658.901611,1.2474
0,0,0,19112,5136,1,2557,1343,1,0,2389.530029,1.2478
0,0,0,25213,5169,1,1829,1306,2,0,3151.986084,1.2504
0,0,0,4844,5913,1,2813,523,0,0,605.773621,1.4490
0,0,0,7155,5877,1,2734,560,1,0,894.593628,1.4461
0,0,0,9816,5848,1,2744,589,2,0,1227.270508,1.4423
0,0,0,4844,5913,1,2813,523,0,0,605.773621,1.4490
0,0,0,7154,5877,1,3214,560,1,0,894.593628,1.4461
0,0,0,9817,5848,1,3706,590,2,0,1227.270508,1.4423
